"conflict_id"	"country"	"year"	"conflict"
200	"Bolivia"	1946	1
200	"Bolivia"	1952	1
200	"Bolivia"	1967	1
201	"Cambodia (Kampuchea)"	1946	1
201	"Cambodia (Kampuchea)"	1947	1
201	"Cambodia (Kampuchea)"	1948	1
201	"Cambodia (Kampuchea)"	1949	1
201	"Cambodia (Kampuchea)"	1950	1
201	"Cambodia (Kampuchea)"	1951	1
201	"Cambodia (Kampuchea)"	1952	1
201	"Cambodia (Kampuchea)"	1953	1
202	"China"	1946	1
202	"China"	1947	1
202	"China"	1948	1
202	"China"	1949	1
203	"Greece"	1946	1
203	"Greece"	1947	1
203	"Greece"	1948	1
203	"Greece"	1949	1
204	"Indonesia"	1946	1
204	"Indonesia"	1947	1
204	"Indonesia"	1948	1
204	"Indonesia"	1949	1
205	"Iran"	1946	1
205	"Iran"	1966	1
205	"Iran"	1967	1
205	"Iran"	1968	1
205	"Iran"	1979	1
205	"Iran"	1980	1
205	"Iran"	1981	1
205	"Iran"	1982	1
205	"Iran"	1983	1
205	"Iran"	1984	1
205	"Iran"	1985	1
205	"Iran"	1986	1
205	"Iran"	1987	1
205	"Iran"	1988	1
205	"Iran"	1990	1
205	"Iran"	1993	1
205	"Iran"	1996	1
205	"Iran"	2016	1
206	"Iran"	1946	1
207	"Israel"	1946	1
208	"Laos"	1946	1
208	"Laos"	1947	1
208	"Laos"	1948	1
208	"Laos"	1949	1
208	"Laos"	1950	1
208	"Laos"	1951	1
208	"Laos"	1952	1
208	"Laos"	1953	1
209	"Philippines"	1946	1
209	"Philippines"	1947	1
209	"Philippines"	1948	1
209	"Philippines"	1949	1
209	"Philippines"	1950	1
209	"Philippines"	1951	1
209	"Philippines"	1952	1
209	"Philippines"	1953	1
209	"Philippines"	1954	1
209	"Philippines"	1969	1
209	"Philippines"	1970	1
209	"Philippines"	1971	1
209	"Philippines"	1972	1
209	"Philippines"	1973	1
209	"Philippines"	1974	1
209	"Philippines"	1975	1
209	"Philippines"	1976	1
209	"Philippines"	1977	1
209	"Philippines"	1978	1
209	"Philippines"	1979	1
209	"Philippines"	1980	1
209	"Philippines"	1981	1
209	"Philippines"	1982	1
209	"Philippines"	1983	1
209	"Philippines"	1984	1
209	"Philippines"	1985	1
209	"Philippines"	1986	1
209	"Philippines"	1987	1
209	"Philippines"	1988	1
209	"Philippines"	1989	1
209	"Philippines"	1990	1
209	"Philippines"	1991	1
209	"Philippines"	1992	1
209	"Philippines"	1993	1
209	"Philippines"	1994	1
209	"Philippines"	1995	1
209	"Philippines"	1997	1
209	"Philippines"	1999	1
209	"Philippines"	2000	1
209	"Philippines"	2001	1
209	"Philippines"	2002	1
209	"Philippines"	2003	1
209	"Philippines"	2004	1
209	"Philippines"	2005	1
209	"Philippines"	2006	1
209	"Philippines"	2007	1
209	"Philippines"	2008	1
209	"Philippines"	2009	1
209	"Philippines"	2010	1
209	"Philippines"	2011	1
209	"Philippines"	2012	1
209	"Philippines"	2013	1
209	"Philippines"	2014	1
209	"Philippines"	2015	1
209	"Philippines"	2016	1
209	"Philippines"	2017	1
210	"Russia (Soviet Union)"	1946	1
210	"Russia (Soviet Union)"	1947	1
210	"Russia (Soviet Union)"	1948	1
211	"Russia (Soviet Union)"	1946	1
212	"Russia (Soviet Union)"	1946	1
212	"Russia (Soviet Union)"	1947	1
212	"Russia (Soviet Union)"	1948	1
213	"Russia (Soviet Union)"	1946	1
213	"Russia (Soviet Union)"	1947	1
213	"Russia (Soviet Union)"	1948	1
213	"Russia (Soviet Union)"	1949	1
213	"Russia (Soviet Union)"	1950	1
214	"France, Thailand"	1946	1
215	"Albania, United Kingdom"	1946	1
216	"Vietnam (North Vietnam)"	1946	1
216	"Vietnam (North Vietnam)"	1947	1
216	"Vietnam (North Vietnam)"	1948	1
216	"Vietnam (North Vietnam)"	1949	1
216	"Vietnam (North Vietnam)"	1950	1
216	"Vietnam (North Vietnam)"	1951	1
216	"Vietnam (North Vietnam)"	1952	1
216	"Vietnam (North Vietnam)"	1953	1
216	"Vietnam (North Vietnam)"	1954	1
217	"China"	1947	1
218	"India, Pakistan"	1948	1
218	"India, Pakistan"	1964	1
218	"India, Pakistan"	1965	1
218	"India, Pakistan"	1971	1
218	"India, Pakistan"	1984	1
218	"India, Pakistan"	1987	1
218	"India, Pakistan"	1989	1
218	"India, Pakistan"	1990	1
218	"India, Pakistan"	1991	1
218	"India, Pakistan"	1992	1
218	"India, Pakistan"	1996	1
218	"India, Pakistan"	1997	1
218	"India, Pakistan"	1998	1
218	"India, Pakistan"	1999	1
218	"India, Pakistan"	2000	1
218	"India, Pakistan"	2001	1
218	"India, Pakistan"	2002	1
218	"India, Pakistan"	2003	1
218	"India, Pakistan"	2014	1
218	"India, Pakistan"	2015	1
218	"India, Pakistan"	2016	1
218	"India, Pakistan"	2017	1
219	"Madagascar (Malagasy)"	1947	1
220	"Paraguay"	1947	1
220	"Paraguay"	1954	1
220	"Paraguay"	1989	1
221	"Myanmar (Burma)"	1949	1
221	"Myanmar (Burma)"	1950	1
221	"Myanmar (Burma)"	1951	1
221	"Myanmar (Burma)"	1952	1
221	"Myanmar (Burma)"	1953	1
221	"Myanmar (Burma)"	1954	1
221	"Myanmar (Burma)"	1955	1
221	"Myanmar (Burma)"	1956	1
221	"Myanmar (Burma)"	1957	1
221	"Myanmar (Burma)"	1958	1
221	"Myanmar (Burma)"	1959	1
221	"Myanmar (Burma)"	1960	1
221	"Myanmar (Burma)"	1961	1
221	"Myanmar (Burma)"	1962	1
221	"Myanmar (Burma)"	1963	1
221	"Myanmar (Burma)"	1964	1
221	"Myanmar (Burma)"	1965	1
221	"Myanmar (Burma)"	1966	1
221	"Myanmar (Burma)"	1967	1
221	"Myanmar (Burma)"	1968	1
221	"Myanmar (Burma)"	1969	1
221	"Myanmar (Burma)"	1970	1
221	"Myanmar (Burma)"	1971	1
221	"Myanmar (Burma)"	1972	1
221	"Myanmar (Burma)"	1973	1
221	"Myanmar (Burma)"	1974	1
221	"Myanmar (Burma)"	1975	1
221	"Myanmar (Burma)"	1976	1
221	"Myanmar (Burma)"	1977	1
221	"Myanmar (Burma)"	1978	1
221	"Myanmar (Burma)"	1979	1
221	"Myanmar (Burma)"	1980	1
221	"Myanmar (Burma)"	1981	1
221	"Myanmar (Burma)"	1982	1
221	"Myanmar (Burma)"	1983	1
221	"Myanmar (Burma)"	1984	1
221	"Myanmar (Burma)"	1985	1
221	"Myanmar (Burma)"	1986	1
221	"Myanmar (Burma)"	1987	1
221	"Myanmar (Burma)"	1988	1
221	"Myanmar (Burma)"	1989	1
221	"Myanmar (Burma)"	1990	1
221	"Myanmar (Burma)"	1991	1
221	"Myanmar (Burma)"	1992	1
221	"Myanmar (Burma)"	1994	1
221	"Myanmar (Burma)"	1995	1
221	"Myanmar (Burma)"	1997	1
221	"Myanmar (Burma)"	1998	1
221	"Myanmar (Burma)"	2000	1
221	"Myanmar (Burma)"	2001	1
221	"Myanmar (Burma)"	2002	1
221	"Myanmar (Burma)"	2003	1
221	"Myanmar (Burma)"	2004	1
221	"Myanmar (Burma)"	2005	1
221	"Myanmar (Burma)"	2006	1
221	"Myanmar (Burma)"	2007	1
221	"Myanmar (Burma)"	2008	1
221	"Myanmar (Burma)"	2009	1
221	"Myanmar (Burma)"	2010	1
221	"Myanmar (Burma)"	2011	1
221	"Myanmar (Burma)"	2013	1
222	"Myanmar (Burma)"	1948	1
222	"Myanmar (Burma)"	1949	1
222	"Myanmar (Burma)"	1950	1
222	"Myanmar (Burma)"	1951	1
222	"Myanmar (Burma)"	1952	1
222	"Myanmar (Burma)"	1953	1
222	"Myanmar (Burma)"	1954	1
222	"Myanmar (Burma)"	1955	1
222	"Myanmar (Burma)"	1956	1
222	"Myanmar (Burma)"	1957	1
222	"Myanmar (Burma)"	1958	1
222	"Myanmar (Burma)"	1959	1
222	"Myanmar (Burma)"	1960	1
222	"Myanmar (Burma)"	1961	1
222	"Myanmar (Burma)"	1962	1
222	"Myanmar (Burma)"	1963	1
222	"Myanmar (Burma)"	1964	1
222	"Myanmar (Burma)"	1965	1
222	"Myanmar (Burma)"	1966	1
222	"Myanmar (Burma)"	1967	1
222	"Myanmar (Burma)"	1968	1
222	"Myanmar (Burma)"	1969	1
222	"Myanmar (Burma)"	1970	1
222	"Myanmar (Burma)"	1971	1
222	"Myanmar (Burma)"	1972	1
222	"Myanmar (Burma)"	1973	1
222	"Myanmar (Burma)"	1974	1
222	"Myanmar (Burma)"	1975	1
222	"Myanmar (Burma)"	1976	1
222	"Myanmar (Burma)"	1977	1
222	"Myanmar (Burma)"	1978	1
222	"Myanmar (Burma)"	1979	1
222	"Myanmar (Burma)"	1980	1
222	"Myanmar (Burma)"	1981	1
222	"Myanmar (Burma)"	1982	1
222	"Myanmar (Burma)"	1983	1
222	"Myanmar (Burma)"	1984	1
222	"Myanmar (Burma)"	1985	1
222	"Myanmar (Burma)"	1986	1
222	"Myanmar (Burma)"	1987	1
222	"Myanmar (Burma)"	1988	1
222	"Myanmar (Burma)"	1990	1
222	"Myanmar (Burma)"	1991	1
222	"Myanmar (Burma)"	1992	1
222	"Myanmar (Burma)"	1994	1
223	"Myanmar (Burma)"	1948	1
223	"Myanmar (Burma)"	1949	1
223	"Myanmar (Burma)"	1950	1
223	"Myanmar (Burma)"	1951	1
223	"Myanmar (Burma)"	1952	1
223	"Myanmar (Burma)"	1953	1
223	"Myanmar (Burma)"	1954	1
223	"Myanmar (Burma)"	1955	1
223	"Myanmar (Burma)"	1956	1
223	"Myanmar (Burma)"	1957	1
223	"Myanmar (Burma)"	1958	1
223	"Myanmar (Burma)"	1959	1
223	"Myanmar (Burma)"	1960	1
223	"Myanmar (Burma)"	1961	1
223	"Myanmar (Burma)"	1964	1
223	"Myanmar (Burma)"	1965	1
223	"Myanmar (Burma)"	1966	1
223	"Myanmar (Burma)"	1967	1
223	"Myanmar (Burma)"	1968	1
223	"Myanmar (Burma)"	1969	1
223	"Myanmar (Burma)"	1970	1
223	"Myanmar (Burma)"	1971	1
223	"Myanmar (Burma)"	1972	1
223	"Myanmar (Burma)"	1973	1
223	"Myanmar (Burma)"	1974	1
223	"Myanmar (Burma)"	1975	1
223	"Myanmar (Burma)"	1976	1
223	"Myanmar (Burma)"	1977	1
223	"Myanmar (Burma)"	1978	1
223	"Myanmar (Burma)"	1991	1
223	"Myanmar (Burma)"	1994	1
223	"Myanmar (Burma)"	2016	1
223	"Myanmar (Burma)"	2017	1
224	"Myanmar (Burma)"	1949	1
224	"Myanmar (Burma)"	1950	1
224	"Myanmar (Burma)"	1951	1
224	"Myanmar (Burma)"	1952	1
224	"Myanmar (Burma)"	1953	1
224	"Myanmar (Burma)"	1954	1
224	"Myanmar (Burma)"	1955	1
224	"Myanmar (Burma)"	1956	1
224	"Myanmar (Burma)"	1957	1
224	"Myanmar (Burma)"	1958	1
224	"Myanmar (Burma)"	1959	1
224	"Myanmar (Burma)"	1960	1
224	"Myanmar (Burma)"	1961	1
224	"Myanmar (Burma)"	1962	1
224	"Myanmar (Burma)"	1963	1
224	"Myanmar (Burma)"	1990	1
224	"Myanmar (Burma)"	1996	1
225	"Costa Rica"	1948	1
226	"Hyderabad, India"	1948	1
227	"India"	1948	1
227	"India"	1949	1
227	"India"	1950	1
227	"India"	1951	1
227	"India"	1969	1
227	"India"	1970	1
227	"India"	1971	1
227	"India"	1991	1
227	"India"	1992	1
227	"India"	1993	1
227	"India"	1994	1
227	"India"	1996	1
227	"India"	1997	1
227	"India"	1998	1
227	"India"	1999	1
227	"India"	2000	1
227	"India"	2001	1
227	"India"	2002	1
227	"India"	2003	1
227	"India"	2004	1
227	"India"	2005	1
227	"India"	2006	1
227	"India"	2007	1
227	"India"	2008	1
227	"India"	2009	1
227	"India"	2010	1
227	"India"	2011	1
227	"India"	2012	1
227	"India"	2013	1
227	"India"	2014	1
227	"India"	2015	1
227	"India"	2016	1
227	"India"	2017	1
228	"Israel, Egypt, Iraq, Jordan, Lebanon, Syria"	1948	1
228	"Israel, Egypt, Iraq, Jordan, Lebanon, Syria"	1949	1
229	"Malaysia"	1948	1
229	"Malaysia"	1949	1
229	"Malaysia"	1950	1
229	"Malaysia"	1951	1
229	"Malaysia"	1952	1
229	"Malaysia"	1953	1
229	"Malaysia"	1954	1
229	"Malaysia"	1955	1
229	"Malaysia"	1956	1
229	"Malaysia"	1957	1
230	"Yemen (North Yemen)"	1948	1
230	"Yemen (North Yemen)"	1962	1
230	"Yemen (North Yemen)"	1963	1
230	"Yemen (North Yemen)"	1964	1
230	"Yemen (North Yemen)"	1965	1
230	"Yemen (North Yemen)"	1966	1
230	"Yemen (North Yemen)"	1967	1
230	"Yemen (North Yemen)"	1968	1
230	"Yemen (North Yemen)"	1969	1
230	"Yemen (North Yemen)"	1970	1
230	"Yemen (North Yemen)"	1979	1
230	"Yemen (North Yemen)"	1980	1
230	"Yemen (North Yemen)"	1981	1
230	"Yemen (North Yemen)"	1982	1
230	"Yemen (North Yemen)"	2009	1
230	"Yemen (North Yemen)"	2010	1
230	"Yemen (North Yemen)"	2011	1
230	"Yemen (North Yemen)"	2012	1
230	"Yemen (North Yemen)"	2013	1
230	"Yemen (North Yemen)"	2014	1
230	"Yemen (North Yemen)"	2015	1
230	"Yemen (North Yemen)"	2016	1
230	"Yemen (North Yemen)"	2017	1
231	"Myanmar (Burma)"	1949	1
231	"Myanmar (Burma)"	1950	1
231	"Myanmar (Burma)"	1961	1
231	"Myanmar (Burma)"	1962	1
231	"Myanmar (Burma)"	1963	1
231	"Myanmar (Burma)"	1964	1
231	"Myanmar (Burma)"	1965	1
231	"Myanmar (Burma)"	1966	1
231	"Myanmar (Burma)"	1967	1
231	"Myanmar (Burma)"	1968	1
231	"Myanmar (Burma)"	1969	1
231	"Myanmar (Burma)"	1970	1
231	"Myanmar (Burma)"	1971	1
231	"Myanmar (Burma)"	1972	1
231	"Myanmar (Burma)"	1973	1
231	"Myanmar (Burma)"	1974	1
231	"Myanmar (Burma)"	1975	1
231	"Myanmar (Burma)"	1976	1
231	"Myanmar (Burma)"	1977	1
231	"Myanmar (Burma)"	1978	1
231	"Myanmar (Burma)"	1979	1
231	"Myanmar (Burma)"	1980	1
231	"Myanmar (Burma)"	1981	1
231	"Myanmar (Burma)"	1982	1
231	"Myanmar (Burma)"	1983	1
231	"Myanmar (Burma)"	1984	1
231	"Myanmar (Burma)"	1985	1
231	"Myanmar (Burma)"	1986	1
231	"Myanmar (Burma)"	1987	1
231	"Myanmar (Burma)"	1988	1
231	"Myanmar (Burma)"	1989	1
231	"Myanmar (Burma)"	1990	1
231	"Myanmar (Burma)"	1991	1
231	"Myanmar (Burma)"	1992	1
231	"Myanmar (Burma)"	2011	1
231	"Myanmar (Burma)"	2012	1
231	"Myanmar (Burma)"	2013	1
231	"Myanmar (Burma)"	2014	1
231	"Myanmar (Burma)"	2015	1
231	"Myanmar (Burma)"	2016	1
231	"Myanmar (Burma)"	2017	1
232	"China, Taiwan"	1949	1
232	"China, Taiwan"	1950	1
232	"China, Taiwan"	1954	1
232	"China, Taiwan"	1958	1
233	"Guatemala"	1949	1
233	"Guatemala"	1954	1
233	"Guatemala"	1963	1
233	"Guatemala"	1965	1
233	"Guatemala"	1966	1
233	"Guatemala"	1967	1
233	"Guatemala"	1968	1
233	"Guatemala"	1969	1
233	"Guatemala"	1970	1
233	"Guatemala"	1971	1
233	"Guatemala"	1972	1
233	"Guatemala"	1973	1
233	"Guatemala"	1974	1
233	"Guatemala"	1975	1
233	"Guatemala"	1976	1
233	"Guatemala"	1977	1
233	"Guatemala"	1978	1
233	"Guatemala"	1979	1
233	"Guatemala"	1980	1
233	"Guatemala"	1981	1
233	"Guatemala"	1982	1
233	"Guatemala"	1983	1
233	"Guatemala"	1984	1
233	"Guatemala"	1985	1
233	"Guatemala"	1986	1
233	"Guatemala"	1987	1
233	"Guatemala"	1988	1
233	"Guatemala"	1989	1
233	"Guatemala"	1990	1
233	"Guatemala"	1991	1
233	"Guatemala"	1992	1
233	"Guatemala"	1993	1
233	"Guatemala"	1994	1
233	"Guatemala"	1995	1
234	"Israel"	1949	1
234	"Israel"	1950	1
234	"Israel"	1951	1
234	"Israel"	1952	1
234	"Israel"	1953	1
234	"Israel"	1954	1
234	"Israel"	1955	1
234	"Israel"	1956	1
234	"Israel"	1957	1
234	"Israel"	1958	1
234	"Israel"	1959	1
234	"Israel"	1960	1
234	"Israel"	1961	1
234	"Israel"	1962	1
234	"Israel"	1963	1
234	"Israel"	1964	1
234	"Israel"	1965	1
234	"Israel"	1966	1
234	"Israel"	1967	1
234	"Israel"	1968	1
234	"Israel"	1969	1
234	"Israel"	1970	1
234	"Israel"	1971	1
234	"Israel"	1972	1
234	"Israel"	1973	1
234	"Israel"	1974	1
234	"Israel"	1975	1
234	"Israel"	1976	1
234	"Israel"	1977	1
234	"Israel"	1978	1
234	"Israel"	1979	1
234	"Israel"	1980	1
234	"Israel"	1981	1
234	"Israel"	1982	1
234	"Israel"	1983	1
234	"Israel"	1984	1
234	"Israel"	1985	1
234	"Israel"	1986	1
234	"Israel"	1987	1
234	"Israel"	1988	1
234	"Israel"	1989	1
234	"Israel"	1990	1
234	"Israel"	1991	1
234	"Israel"	1992	1
234	"Israel"	1993	1
234	"Israel"	1994	1
234	"Israel"	1995	1
234	"Israel"	1996	1
234	"Israel"	2000	1
234	"Israel"	2001	1
234	"Israel"	2002	1
234	"Israel"	2003	1
234	"Israel"	2004	1
234	"Israel"	2005	1
234	"Israel"	2006	1
234	"Israel"	2007	1
234	"Israel"	2008	1
234	"Israel"	2009	1
234	"Israel"	2010	1
234	"Israel"	2011	1
234	"Israel"	2012	1
234	"Israel"	2014	1
235	"North Korea, South Korea"	1949	1
235	"North Korea, South Korea"	1950	1
235	"North Korea, South Korea"	1951	1
235	"North Korea, South Korea"	1952	1
235	"North Korea, South Korea"	1953	1
236	"China"	1950	1
236	"China"	1956	1
236	"China"	1959	1
237	"Indonesia"	1950	1
238	"United States of America"	1950	1
239	"Egypt, United Kingdom"	1951	1
239	"Egypt, United Kingdom"	1952	1
240	"Thailand"	1951	1
240	"Thailand"	1974	1
240	"Thailand"	1975	1
240	"Thailand"	1976	1
240	"Thailand"	1977	1
240	"Thailand"	1978	1
240	"Thailand"	1979	1
240	"Thailand"	1980	1
240	"Thailand"	1981	1
240	"Thailand"	1982	1
241	"Kenya"	1952	1
241	"Kenya"	1953	1
241	"Kenya"	1954	1
241	"Kenya"	1955	1
241	"Kenya"	1956	1
242	"Cuba"	1953	1
242	"Cuba"	1956	1
242	"Cuba"	1957	1
242	"Cuba"	1958	1
242	"Cuba"	1961	1
243	"Indonesia"	1953	1
243	"Indonesia"	1958	1
243	"Indonesia"	1959	1
243	"Indonesia"	1960	1
243	"Indonesia"	1961	1
244	"Morocco"	1953	1
244	"Morocco"	1954	1
244	"Morocco"	1955	1
244	"Morocco"	1956	1
245	"Tunisia"	1953	1
245	"Tunisia"	1954	1
245	"Tunisia"	1955	1
245	"Tunisia"	1956	1
246	"Algeria"	1954	1
246	"Algeria"	1955	1
246	"Algeria"	1956	1
246	"Algeria"	1957	1
246	"Algeria"	1958	1
246	"Algeria"	1959	1
246	"Algeria"	1960	1
246	"Algeria"	1961	1
246	"Algeria"	1962	1
247	"Argentina"	1955	1
247	"Argentina"	1963	1
247	"Argentina"	1974	1
247	"Argentina"	1975	1
247	"Argentina"	1976	1
247	"Argentina"	1977	1
248	"Cyprus"	1955	1
248	"Cyprus"	1956	1
248	"Cyprus"	1957	1
248	"Cyprus"	1958	1
248	"Cyprus"	1959	1
249	"South Vietnam"	1955	1
249	"South Vietnam"	1956	1
249	"South Vietnam"	1957	1
249	"South Vietnam"	1958	1
249	"South Vietnam"	1959	1
249	"South Vietnam"	1960	1
249	"South Vietnam"	1961	1
249	"South Vietnam"	1962	1
249	"South Vietnam"	1963	1
249	"South Vietnam"	1964	1
250	"Hungary, Russia (Soviet Union)"	1956	1
251	"India"	1956	1
251	"India"	1957	1
251	"India"	1958	1
251	"India"	1959	1
251	"India"	1961	1
251	"India"	1962	1
251	"India"	1963	1
251	"India"	1964	1
251	"India"	1965	1
251	"India"	1966	1
251	"India"	1967	1
251	"India"	1968	1
251	"India"	1992	1
251	"India"	1993	1
251	"India"	1994	1
251	"India"	1995	1
251	"India"	1996	1
251	"India"	1997	1
251	"India"	2000	1
252	"Egypt, France, Israel, United Kingdom"	1956	1
253	"Myanmar (Burma)"	1957	1
253	"Myanmar (Burma)"	1987	1
253	"Myanmar (Burma)"	1992	1
253	"Myanmar (Burma)"	1996	1
253	"Myanmar (Burma)"	2005	1
254	"Cameroon"	1957	1
254	"Cameroon"	1958	1
254	"Cameroon"	1959	1
255	"Honduras, Nicaragua"	1957	1
256	"Mauritania, Morocco"	1957	1
256	"Mauritania, Morocco"	1958	1
257	"Mauritania, Morocco"	1957	1
257	"Mauritania, Morocco"	1958	1
258	"Oman"	1957	1
259	"Iraq"	1958	1
259	"Iraq"	1959	1
259	"Iraq"	1963	1
259	"Iraq"	1982	1
259	"Iraq"	1983	1
259	"Iraq"	1984	1
259	"Iraq"	1987	1
259	"Iraq"	1991	1
259	"Iraq"	1992	1
259	"Iraq"	1993	1
259	"Iraq"	1994	1
259	"Iraq"	1995	1
259	"Iraq"	1996	1
259	"Iraq"	2004	1
259	"Iraq"	2005	1
259	"Iraq"	2006	1
259	"Iraq"	2007	1
259	"Iraq"	2008	1
259	"Iraq"	2009	1
259	"Iraq"	2010	1
259	"Iraq"	2011	1
259	"Iraq"	2012	1
259	"Iraq"	2013	1
259	"Iraq"	2014	1
259	"Iraq"	2015	1
259	"Iraq"	2016	1
259	"Iraq"	2017	1
260	"Lebanon"	1958	1
260	"Lebanon"	1975	1
260	"Lebanon"	1976	1
260	"Lebanon"	1982	1
260	"Lebanon"	1983	1
260	"Lebanon"	1984	1
260	"Lebanon"	1985	1
260	"Lebanon"	1986	1
260	"Lebanon"	1989	1
260	"Lebanon"	1990	1
261	"Malaysia"	1958	1
261	"Malaysia"	1959	1
261	"Malaysia"	1960	1
261	"Malaysia"	1974	1
261	"Malaysia"	1975	1
261	"Malaysia"	1981	1
262	"Laos"	1959	1
262	"Laos"	1960	1
262	"Laos"	1961	1
262	"Laos"	1963	1
262	"Laos"	1964	1
262	"Laos"	1965	1
262	"Laos"	1966	1
262	"Laos"	1967	1
262	"Laos"	1968	1
262	"Laos"	1969	1
262	"Laos"	1970	1
262	"Laos"	1971	1
262	"Laos"	1972	1
262	"Laos"	1973	1
262	"Laos"	1989	1
262	"Laos"	1990	1
263	"Angola"	1961	1
263	"Angola"	1962	1
263	"Angola"	1963	1
263	"Angola"	1964	1
263	"Angola"	1965	1
263	"Angola"	1966	1
263	"Angola"	1967	1
263	"Angola"	1968	1
263	"Angola"	1969	1
263	"Angola"	1970	1
263	"Angola"	1971	1
263	"Angola"	1972	1
263	"Angola"	1973	1
263	"Angola"	1974	1
264	"Myanmar (Burma)"	1959	1
264	"Myanmar (Burma)"	1960	1
264	"Myanmar (Burma)"	1961	1
264	"Myanmar (Burma)"	1962	1
264	"Myanmar (Burma)"	1963	1
264	"Myanmar (Burma)"	1964	1
264	"Myanmar (Burma)"	1965	1
264	"Myanmar (Burma)"	1966	1
264	"Myanmar (Burma)"	1967	1
264	"Myanmar (Burma)"	1968	1
264	"Myanmar (Burma)"	1969	1
264	"Myanmar (Burma)"	1970	1
264	"Myanmar (Burma)"	1972	1
264	"Myanmar (Burma)"	1973	1
264	"Myanmar (Burma)"	1976	1
264	"Myanmar (Burma)"	1977	1
264	"Myanmar (Burma)"	1978	1
264	"Myanmar (Burma)"	1979	1
264	"Myanmar (Burma)"	1980	1
264	"Myanmar (Burma)"	1981	1
264	"Myanmar (Burma)"	1982	1
264	"Myanmar (Burma)"	1983	1
264	"Myanmar (Burma)"	1984	1
264	"Myanmar (Burma)"	1985	1
264	"Myanmar (Burma)"	1986	1
264	"Myanmar (Burma)"	1987	1
264	"Myanmar (Burma)"	1988	1
264	"Myanmar (Burma)"	1993	1
264	"Myanmar (Burma)"	1994	1
264	"Myanmar (Burma)"	1995	1
264	"Myanmar (Burma)"	1996	1
264	"Myanmar (Burma)"	1997	1
264	"Myanmar (Burma)"	1998	1
264	"Myanmar (Burma)"	1999	1
264	"Myanmar (Burma)"	2000	1
264	"Myanmar (Burma)"	2001	1
264	"Myanmar (Burma)"	2002	1
264	"Myanmar (Burma)"	2005	1
264	"Myanmar (Burma)"	2006	1
264	"Myanmar (Burma)"	2007	1
264	"Myanmar (Burma)"	2008	1
264	"Myanmar (Burma)"	2009	1
264	"Myanmar (Burma)"	2010	1
264	"Myanmar (Burma)"	2011	1
264	"Myanmar (Burma)"	2013	1
264	"Myanmar (Burma)"	2015	1
265	"DR Congo (Zaire)"	1961	1
265	"DR Congo (Zaire)"	1962	1
265	"DR Congo (Zaire)"	2013	1
265	"DR Congo (Zaire)"	2014	1
266	"DR Congo (Zaire)"	1960	1
266	"DR Congo (Zaire)"	1961	1
266	"DR Congo (Zaire)"	1962	1
267	"Ethiopia"	1960	1
267	"Ethiopia"	1976	1
267	"Ethiopia"	1977	1
267	"Ethiopia"	1978	1
267	"Ethiopia"	1979	1
267	"Ethiopia"	1980	1
267	"Ethiopia"	1981	1
267	"Ethiopia"	1982	1
267	"Ethiopia"	1983	1
267	"Ethiopia"	1984	1
267	"Ethiopia"	1985	1
267	"Ethiopia"	1986	1
267	"Ethiopia"	1987	1
267	"Ethiopia"	1988	1
267	"Ethiopia"	1989	1
267	"Ethiopia"	1990	1
267	"Ethiopia"	1991	1
268	"Ethiopia, Somalia"	1964	1
268	"Ethiopia, Somalia"	1977	1
268	"Ethiopia, Somalia"	1978	1
268	"Ethiopia, Somalia"	1980	1
269	"Nepal"	1960	1
269	"Nepal"	1961	1
269	"Nepal"	1962	1
269	"Nepal"	1996	1
269	"Nepal"	1997	1
269	"Nepal"	1998	1
269	"Nepal"	1999	1
269	"Nepal"	2000	1
269	"Nepal"	2001	1
269	"Nepal"	2002	1
269	"Nepal"	2003	1
269	"Nepal"	2004	1
269	"Nepal"	2005	1
269	"Nepal"	2006	1
270	"France"	1961	1
270	"France"	1962	1
271	"Iraq"	1961	1
271	"Iraq"	1962	1
271	"Iraq"	1963	1
271	"Iraq"	1964	1
271	"Iraq"	1965	1
271	"Iraq"	1966	1
271	"Iraq"	1967	1
271	"Iraq"	1968	1
271	"Iraq"	1969	1
271	"Iraq"	1970	1
271	"Iraq"	1973	1
271	"Iraq"	1974	1
271	"Iraq"	1975	1
271	"Iraq"	1976	1
271	"Iraq"	1977	1
271	"Iraq"	1978	1
271	"Iraq"	1979	1
271	"Iraq"	1980	1
271	"Iraq"	1981	1
271	"Iraq"	1982	1
271	"Iraq"	1983	1
271	"Iraq"	1984	1
271	"Iraq"	1985	1
271	"Iraq"	1986	1
271	"Iraq"	1987	1
271	"Iraq"	1988	1
271	"Iraq"	1989	1
271	"Iraq"	1990	1
271	"Iraq"	1991	1
271	"Iraq"	1992	1
271	"Iraq"	1995	1
271	"Iraq"	1996	1
272	"France, Tunisia"	1961	1
273	"Brunei"	1962	1
274	"China, India"	1962	1
274	"China, India"	1967	1
275	"Ethiopia"	1964	1
275	"Ethiopia"	1965	1
275	"Ethiopia"	1966	1
275	"Ethiopia"	1967	1
275	"Ethiopia"	1968	1
275	"Ethiopia"	1969	1
275	"Ethiopia"	1970	1
275	"Ethiopia"	1971	1
275	"Ethiopia"	1972	1
275	"Ethiopia"	1973	1
275	"Ethiopia"	1974	1
275	"Ethiopia"	1975	1
275	"Ethiopia"	1976	1
275	"Ethiopia"	1977	1
275	"Ethiopia"	1978	1
275	"Ethiopia"	1979	1
275	"Ethiopia"	1980	1
275	"Ethiopia"	1981	1
275	"Ethiopia"	1982	1
275	"Ethiopia"	1983	1
275	"Ethiopia"	1984	1
275	"Ethiopia"	1985	1
275	"Ethiopia"	1986	1
275	"Ethiopia"	1987	1
275	"Ethiopia"	1988	1
275	"Ethiopia"	1989	1
275	"Ethiopia"	1990	1
275	"Ethiopia"	1991	1
276	"Indonesia, Netherlands"	1962	1
277	"Venezuela"	1962	1
277	"Venezuela"	1982	1
277	"Venezuela"	1992	1
278	"Algeria, Morocco"	1963	1
279	"Guinea-Bissau"	1963	1
279	"Guinea-Bissau"	1964	1
279	"Guinea-Bissau"	1965	1
279	"Guinea-Bissau"	1966	1
279	"Guinea-Bissau"	1967	1
279	"Guinea-Bissau"	1968	1
279	"Guinea-Bissau"	1969	1
279	"Guinea-Bissau"	1970	1
279	"Guinea-Bissau"	1971	1
279	"Guinea-Bissau"	1972	1
279	"Guinea-Bissau"	1973	1
280	"Malaysia"	1963	1
280	"Malaysia"	1964	1
280	"Malaysia"	1965	1
280	"Malaysia"	1966	1
281	"Indonesia, Malaysia"	1963	1
281	"Indonesia, Malaysia"	1964	1
281	"Indonesia, Malaysia"	1965	1
281	"Indonesia, Malaysia"	1966	1
282	"Sudan"	1963	1
282	"Sudan"	1964	1
282	"Sudan"	1965	1
282	"Sudan"	1966	1
282	"Sudan"	1967	1
282	"Sudan"	1968	1
282	"Sudan"	1969	1
282	"Sudan"	1970	1
282	"Sudan"	1971	1
282	"Sudan"	1972	1
283	"DR Congo (Zaire)"	1964	1
283	"DR Congo (Zaire)"	1965	1
283	"DR Congo (Zaire)"	1967	1
283	"DR Congo (Zaire)"	1977	1
283	"DR Congo (Zaire)"	1978	1
283	"DR Congo (Zaire)"	1996	1
283	"DR Congo (Zaire)"	1997	1
283	"DR Congo (Zaire)"	1998	1
283	"DR Congo (Zaire)"	1999	1
283	"DR Congo (Zaire)"	2000	1
283	"DR Congo (Zaire)"	2001	1
283	"DR Congo (Zaire)"	2006	1
283	"DR Congo (Zaire)"	2007	1
283	"DR Congo (Zaire)"	2008	1
283	"DR Congo (Zaire)"	2011	1
283	"DR Congo (Zaire)"	2012	1
283	"DR Congo (Zaire)"	2013	1
283	"DR Congo (Zaire)"	2014	1
283	"DR Congo (Zaire)"	2016	1
283	"DR Congo (Zaire)"	2017	1
284	"Gabon"	1964	1
285	"Mozambique"	1964	1
285	"Mozambique"	1965	1
285	"Mozambique"	1966	1
285	"Mozambique"	1967	1
285	"Mozambique"	1968	1
285	"Mozambique"	1969	1
285	"Mozambique"	1970	1
285	"Mozambique"	1971	1
285	"Mozambique"	1972	1
285	"Mozambique"	1973	1
285	"Mozambique"	1974	1
286	"South Yemen"	1964	1
286	"South Yemen"	1965	1
286	"South Yemen"	1966	1
286	"South Yemen"	1967	1
287	"Burundi"	1965	1
287	"Burundi"	1991	1
287	"Burundi"	1992	1
287	"Burundi"	1994	1
287	"Burundi"	1995	1
287	"Burundi"	1996	1
287	"Burundi"	1997	1
287	"Burundi"	1998	1
287	"Burundi"	1999	1
287	"Burundi"	2000	1
287	"Burundi"	2001	1
287	"Burundi"	2002	1
287	"Burundi"	2003	1
287	"Burundi"	2004	1
287	"Burundi"	2005	1
287	"Burundi"	2006	1
287	"Burundi"	2008	1
287	"Burundi"	2014	1
287	"Burundi"	2015	1
288	"Chad"	1966	1
288	"Chad"	1967	1
288	"Chad"	1968	1
288	"Chad"	1969	1
288	"Chad"	1970	1
288	"Chad"	1971	1
288	"Chad"	1972	1
288	"Chad"	1976	1
288	"Chad"	1977	1
288	"Chad"	1978	1
288	"Chad"	1979	1
288	"Chad"	1980	1
288	"Chad"	1981	1
288	"Chad"	1982	1
288	"Chad"	1983	1
288	"Chad"	1984	1
288	"Chad"	1986	1
288	"Chad"	1987	1
288	"Chad"	1989	1
288	"Chad"	1990	1
288	"Chad"	1991	1
288	"Chad"	1992	1
288	"Chad"	1993	1
288	"Chad"	1994	1
288	"Chad"	1997	1
288	"Chad"	1998	1
288	"Chad"	1999	1
288	"Chad"	2000	1
288	"Chad"	2001	1
288	"Chad"	2002	1
288	"Chad"	2003	1
288	"Chad"	2005	1
288	"Chad"	2006	1
288	"Chad"	2007	1
288	"Chad"	2008	1
288	"Chad"	2009	1
288	"Chad"	2010	1
289	"Colombia"	1964	1
289	"Colombia"	1965	1
289	"Colombia"	1966	1
289	"Colombia"	1967	1
289	"Colombia"	1968	1
289	"Colombia"	1969	1
289	"Colombia"	1970	1
289	"Colombia"	1971	1
289	"Colombia"	1972	1
289	"Colombia"	1973	1
289	"Colombia"	1974	1
289	"Colombia"	1975	1
289	"Colombia"	1976	1
289	"Colombia"	1977	1
289	"Colombia"	1978	1
289	"Colombia"	1979	1
289	"Colombia"	1980	1
289	"Colombia"	1981	1
289	"Colombia"	1982	1
289	"Colombia"	1983	1
289	"Colombia"	1984	1
289	"Colombia"	1985	1
289	"Colombia"	1986	1
289	"Colombia"	1987	1
289	"Colombia"	1988	1
289	"Colombia"	1989	1
289	"Colombia"	1990	1
289	"Colombia"	1991	1
289	"Colombia"	1992	1
289	"Colombia"	1993	1
289	"Colombia"	1994	1
289	"Colombia"	1995	1
289	"Colombia"	1996	1
289	"Colombia"	1997	1
289	"Colombia"	1998	1
289	"Colombia"	1999	1
289	"Colombia"	2000	1
289	"Colombia"	2001	1
289	"Colombia"	2002	1
289	"Colombia"	2003	1
289	"Colombia"	2004	1
289	"Colombia"	2005	1
289	"Colombia"	2006	1
289	"Colombia"	2007	1
289	"Colombia"	2008	1
289	"Colombia"	2009	1
289	"Colombia"	2010	1
289	"Colombia"	2011	1
289	"Colombia"	2012	1
289	"Colombia"	2013	1
289	"Colombia"	2014	1
289	"Colombia"	2015	1
289	"Colombia"	2016	1
290	"Dominican Republic"	1965	1
291	"Indonesia"	1965	1
291	"Indonesia"	1967	1
291	"Indonesia"	1968	1
291	"Indonesia"	1969	1
291	"Indonesia"	1976	1
291	"Indonesia"	1977	1
291	"Indonesia"	1978	1
291	"Indonesia"	1981	1
291	"Indonesia"	1984	1
292	"Peru"	1965	1
292	"Peru"	1982	1
292	"Peru"	1983	1
292	"Peru"	1984	1
292	"Peru"	1985	1
292	"Peru"	1986	1
292	"Peru"	1987	1
292	"Peru"	1988	1
292	"Peru"	1989	1
292	"Peru"	1990	1
292	"Peru"	1991	1
292	"Peru"	1992	1
292	"Peru"	1993	1
292	"Peru"	1994	1
292	"Peru"	1995	1
292	"Peru"	1996	1
292	"Peru"	1997	1
292	"Peru"	1998	1
292	"Peru"	1999	1
292	"Peru"	2007	1
292	"Peru"	2008	1
292	"Peru"	2009	1
292	"Peru"	2010	1
293	"South Vietnam, Vietnam (North Vietnam)"	1965	1
293	"South Vietnam, Vietnam (North Vietnam)"	1966	1
293	"South Vietnam, Vietnam (North Vietnam)"	1967	1
293	"South Vietnam, Vietnam (North Vietnam)"	1968	1
293	"South Vietnam, Vietnam (North Vietnam)"	1969	1
293	"South Vietnam, Vietnam (North Vietnam)"	1970	1
293	"South Vietnam, Vietnam (North Vietnam)"	1971	1
293	"South Vietnam, Vietnam (North Vietnam)"	1972	1
293	"South Vietnam, Vietnam (North Vietnam)"	1973	1
293	"South Vietnam, Vietnam (North Vietnam)"	1974	1
293	"South Vietnam, Vietnam (North Vietnam)"	1975	1
294	"Cambodia (Kampuchea), Thailand"	1977	1
294	"Cambodia (Kampuchea), Thailand"	1978	1
294	"Cambodia (Kampuchea), Thailand"	2011	1
295	"Ghana"	1966	1
295	"Ghana"	1981	1
295	"Ghana"	1983	1
296	"India"	1966	1
296	"India"	1967	1
296	"India"	1968	1
297	"Nigeria"	1966	1
297	"Nigeria"	2009	1
297	"Nigeria"	2011	1
297	"Nigeria"	2012	1
297	"Nigeria"	2013	1
297	"Nigeria"	2014	1
297	"Nigeria"	2015	1
297	"Nigeria"	2016	1
297	"Nigeria"	2017	1
298	"South Africa"	1966	1
298	"South Africa"	1967	1
298	"South Africa"	1968	1
298	"South Africa"	1969	1
298	"South Africa"	1970	1
298	"South Africa"	1971	1
298	"South Africa"	1972	1
298	"South Africa"	1973	1
298	"South Africa"	1974	1
298	"South Africa"	1975	1
298	"South Africa"	1976	1
298	"South Africa"	1977	1
298	"South Africa"	1978	1
298	"South Africa"	1979	1
298	"South Africa"	1980	1
298	"South Africa"	1981	1
298	"South Africa"	1982	1
298	"South Africa"	1983	1
298	"South Africa"	1984	1
298	"South Africa"	1985	1
298	"South Africa"	1986	1
298	"South Africa"	1987	1
298	"South Africa"	1988	1
299	"Syria"	1966	1
299	"Syria"	1979	1
299	"Syria"	1980	1
299	"Syria"	1981	1
299	"Syria"	1982	1
299	"Syria"	2011	1
299	"Syria"	2012	1
299	"Syria"	2013	1
299	"Syria"	2014	1
299	"Syria"	2015	1
299	"Syria"	2016	1
299	"Syria"	2017	1
300	"Cambodia (Kampuchea)"	1967	1
300	"Cambodia (Kampuchea)"	1968	1
300	"Cambodia (Kampuchea)"	1969	1
300	"Cambodia (Kampuchea)"	1970	1
300	"Cambodia (Kampuchea)"	1971	1
300	"Cambodia (Kampuchea)"	1972	1
300	"Cambodia (Kampuchea)"	1973	1
300	"Cambodia (Kampuchea)"	1974	1
300	"Cambodia (Kampuchea)"	1975	1
300	"Cambodia (Kampuchea)"	1978	1
300	"Cambodia (Kampuchea)"	1979	1
300	"Cambodia (Kampuchea)"	1980	1
300	"Cambodia (Kampuchea)"	1981	1
300	"Cambodia (Kampuchea)"	1982	1
300	"Cambodia (Kampuchea)"	1983	1
300	"Cambodia (Kampuchea)"	1984	1
300	"Cambodia (Kampuchea)"	1985	1
300	"Cambodia (Kampuchea)"	1986	1
300	"Cambodia (Kampuchea)"	1987	1
300	"Cambodia (Kampuchea)"	1988	1
300	"Cambodia (Kampuchea)"	1989	1
300	"Cambodia (Kampuchea)"	1990	1
300	"Cambodia (Kampuchea)"	1991	1
300	"Cambodia (Kampuchea)"	1992	1
300	"Cambodia (Kampuchea)"	1993	1
300	"Cambodia (Kampuchea)"	1994	1
300	"Cambodia (Kampuchea)"	1995	1
300	"Cambodia (Kampuchea)"	1996	1
300	"Cambodia (Kampuchea)"	1997	1
300	"Cambodia (Kampuchea)"	1998	1
301	"Israel, Jordan"	1967	1
302	"Israel, Syria"	1967	1
302	"Israel, Syria"	1973	1
303	"Nigeria"	1967	1
303	"Nigeria"	1968	1
303	"Nigeria"	1969	1
303	"Nigeria"	1970	1
304	"China, Myanmar (Burma)"	1969	1
305	"China, Russia (Soviet Union)"	1969	1
306	"El Salvador, Honduras"	1969	1
307	"Guinea"	2000	1
307	"Guinea"	2001	1
308	"Philippines"	1970	1
308	"Philippines"	1971	1
308	"Philippines"	1972	1
308	"Philippines"	1973	1
308	"Philippines"	1974	1
308	"Philippines"	1975	1
308	"Philippines"	1976	1
308	"Philippines"	1977	1
308	"Philippines"	1978	1
308	"Philippines"	1979	1
308	"Philippines"	1980	1
308	"Philippines"	1981	1
308	"Philippines"	1982	1
308	"Philippines"	1983	1
308	"Philippines"	1984	1
308	"Philippines"	1985	1
308	"Philippines"	1986	1
308	"Philippines"	1987	1
308	"Philippines"	1988	1
308	"Philippines"	1989	1
308	"Philippines"	1990	1
308	"Philippines"	1993	1
308	"Philippines"	1994	1
308	"Philippines"	1995	1
308	"Philippines"	1996	1
308	"Philippines"	1997	1
308	"Philippines"	1998	1
308	"Philippines"	1999	1
308	"Philippines"	2000	1
308	"Philippines"	2001	1
308	"Philippines"	2002	1
308	"Philippines"	2003	1
308	"Philippines"	2004	1
308	"Philippines"	2005	1
308	"Philippines"	2006	1
308	"Philippines"	2007	1
308	"Philippines"	2008	1
308	"Philippines"	2009	1
308	"Philippines"	2010	1
308	"Philippines"	2011	1
308	"Philippines"	2012	1
308	"Philippines"	2013	1
308	"Philippines"	2014	1
308	"Philippines"	2015	1
308	"Philippines"	2016	1
308	"Philippines"	2017	1
309	"Sudan"	1971	1
309	"Sudan"	1976	1
309	"Sudan"	1983	1
309	"Sudan"	1984	1
309	"Sudan"	1985	1
309	"Sudan"	1986	1
309	"Sudan"	1987	1
309	"Sudan"	1988	1
309	"Sudan"	1989	1
309	"Sudan"	1990	1
309	"Sudan"	1991	1
309	"Sudan"	1992	1
309	"Sudan"	1993	1
309	"Sudan"	1994	1
309	"Sudan"	1995	1
309	"Sudan"	1996	1
309	"Sudan"	1997	1
309	"Sudan"	1998	1
309	"Sudan"	1999	1
309	"Sudan"	2000	1
309	"Sudan"	2001	1
309	"Sudan"	2002	1
309	"Sudan"	2003	1
309	"Sudan"	2004	1
309	"Sudan"	2005	1
309	"Sudan"	2006	1
309	"Sudan"	2007	1
309	"Sudan"	2008	1
309	"Sudan"	2009	1
309	"Sudan"	2010	1
309	"Sudan"	2011	1
309	"Sudan"	2012	1
309	"Sudan"	2013	1
309	"Sudan"	2014	1
309	"Sudan"	2015	1
309	"Sudan"	2016	1
309	"Sudan"	2017	1
310	"Madagascar (Malagasy)"	1971	1
311	"Morocco"	1971	1
312	"Pakistan"	1971	1
313	"Sri Lanka"	1971	1
313	"Sri Lanka"	1989	1
313	"Sri Lanka"	1990	1
314	"Uganda"	1971	1
314	"Uganda"	1972	1
314	"Uganda"	1974	1
314	"Uganda"	1979	1
314	"Uganda"	1980	1
314	"Uganda"	1981	1
314	"Uganda"	1982	1
314	"Uganda"	1983	1
314	"Uganda"	1984	1
314	"Uganda"	1985	1
314	"Uganda"	1986	1
314	"Uganda"	1987	1
314	"Uganda"	1988	1
314	"Uganda"	1989	1
314	"Uganda"	1990	1
314	"Uganda"	1991	1
314	"Uganda"	1992	1
314	"Uganda"	1994	1
314	"Uganda"	1995	1
314	"Uganda"	1996	1
314	"Uganda"	1997	1
314	"Uganda"	1998	1
314	"Uganda"	1999	1
314	"Uganda"	2000	1
314	"Uganda"	2001	1
314	"Uganda"	2002	1
314	"Uganda"	2003	1
314	"Uganda"	2004	1
314	"Uganda"	2005	1
314	"Uganda"	2006	1
314	"Uganda"	2007	1
314	"Uganda"	2008	1
314	"Uganda"	2009	1
314	"Uganda"	2010	1
314	"Uganda"	2011	1
314	"Uganda"	2013	1
314	"Uganda"	2014	1
314	"Uganda"	2015	1
314	"Uganda"	2016	1
314	"Uganda"	2017	1
315	"United Kingdom"	1971	1
315	"United Kingdom"	1972	1
315	"United Kingdom"	1973	1
315	"United Kingdom"	1974	1
315	"United Kingdom"	1975	1
315	"United Kingdom"	1976	1
315	"United Kingdom"	1977	1
315	"United Kingdom"	1978	1
315	"United Kingdom"	1979	1
315	"United Kingdom"	1980	1
315	"United Kingdom"	1981	1
315	"United Kingdom"	1982	1
315	"United Kingdom"	1983	1
315	"United Kingdom"	1984	1
315	"United Kingdom"	1985	1
315	"United Kingdom"	1986	1
315	"United Kingdom"	1987	1
315	"United Kingdom"	1988	1
315	"United Kingdom"	1989	1
315	"United Kingdom"	1990	1
315	"United Kingdom"	1991	1
315	"United Kingdom"	1998	1
316	"El Salvador"	1972	1
316	"El Salvador"	1979	1
316	"El Salvador"	1980	1
316	"El Salvador"	1981	1
316	"El Salvador"	1982	1
316	"El Salvador"	1983	1
316	"El Salvador"	1984	1
316	"El Salvador"	1985	1
316	"El Salvador"	1986	1
316	"El Salvador"	1987	1
316	"El Salvador"	1988	1
316	"El Salvador"	1989	1
316	"El Salvador"	1990	1
316	"El Salvador"	1991	1
317	"Oman"	1969	1
317	"Oman"	1970	1
317	"Oman"	1971	1
317	"Oman"	1972	1
317	"Oman"	1973	1
317	"Oman"	1974	1
317	"Oman"	1975	1
318	"Zimbabwe (Rhodesia)"	1967	1
318	"Zimbabwe (Rhodesia)"	1968	1
318	"Zimbabwe (Rhodesia)"	1973	1
318	"Zimbabwe (Rhodesia)"	1974	1
318	"Zimbabwe (Rhodesia)"	1975	1
318	"Zimbabwe (Rhodesia)"	1976	1
318	"Zimbabwe (Rhodesia)"	1977	1
318	"Zimbabwe (Rhodesia)"	1978	1
318	"Zimbabwe (Rhodesia)"	1979	1
319	"Uruguay"	1972	1
320	"South Yemen, Yemen (North Yemen)"	1972	1
320	"South Yemen, Yemen (North Yemen)"	1979	1
321	"Chile"	1973	1
322	"Bangladesh"	1975	1
322	"Bangladesh"	1976	1
322	"Bangladesh"	1977	1
322	"Bangladesh"	1978	1
322	"Bangladesh"	1979	1
322	"Bangladesh"	1980	1
322	"Bangladesh"	1981	1
322	"Bangladesh"	1982	1
322	"Bangladesh"	1983	1
322	"Bangladesh"	1984	1
322	"Bangladesh"	1985	1
322	"Bangladesh"	1986	1
322	"Bangladesh"	1987	1
322	"Bangladesh"	1988	1
322	"Bangladesh"	1989	1
322	"Bangladesh"	1990	1
322	"Bangladesh"	1991	1
323	"Cyprus, Turkey"	1974	1
324	"Iran, Iraq"	1974	1
324	"Iran, Iraq"	1980	1
324	"Iran, Iraq"	1981	1
324	"Iran, Iraq"	1982	1
324	"Iran, Iraq"	1983	1
324	"Iran, Iraq"	1984	1
324	"Iran, Iraq"	1985	1
324	"Iran, Iraq"	1986	1
324	"Iran, Iraq"	1987	1
324	"Iran, Iraq"	1988	1
325	"Pakistan"	1974	1
325	"Pakistan"	1975	1
325	"Pakistan"	1976	1
325	"Pakistan"	1977	1
325	"Pakistan"	2004	1
325	"Pakistan"	2006	1
325	"Pakistan"	2007	1
325	"Pakistan"	2008	1
325	"Pakistan"	2009	1
325	"Pakistan"	2011	1
325	"Pakistan"	2012	1
325	"Pakistan"	2013	1
325	"Pakistan"	2014	1
325	"Pakistan"	2015	1
325	"Pakistan"	2016	1
326	"Eritrea"	1997	1
326	"Eritrea"	1999	1
326	"Eritrea"	2003	1
327	"Angola"	1975	1
327	"Angola"	1976	1
327	"Angola"	1977	1
327	"Angola"	1978	1
327	"Angola"	1979	1
327	"Angola"	1980	1
327	"Angola"	1981	1
327	"Angola"	1982	1
327	"Angola"	1983	1
327	"Angola"	1984	1
327	"Angola"	1985	1
327	"Angola"	1986	1
327	"Angola"	1987	1
327	"Angola"	1988	1
327	"Angola"	1989	1
327	"Angola"	1990	1
327	"Angola"	1991	1
327	"Angola"	1992	1
327	"Angola"	1993	1
327	"Angola"	1994	1
327	"Angola"	1995	1
327	"Angola"	1998	1
327	"Angola"	1999	1
327	"Angola"	2000	1
327	"Angola"	2001	1
327	"Angola"	2002	1
328	"Cambodia (Kampuchea), Vietnam (North Vietnam)"	1975	1
328	"Cambodia (Kampuchea), Vietnam (North Vietnam)"	1976	1
328	"Cambodia (Kampuchea), Vietnam (North Vietnam)"	1977	1
329	"Ethiopia"	1964	1
329	"Ethiopia"	1976	1
329	"Ethiopia"	1977	1
329	"Ethiopia"	1978	1
329	"Ethiopia"	1979	1
329	"Ethiopia"	1980	1
329	"Ethiopia"	1981	1
329	"Ethiopia"	1982	1
329	"Ethiopia"	1983	1
329	"Ethiopia"	1993	1
329	"Ethiopia"	1994	1
329	"Ethiopia"	1996	1
329	"Ethiopia"	1998	1
329	"Ethiopia"	1999	1
329	"Ethiopia"	2000	1
329	"Ethiopia"	2001	1
329	"Ethiopia"	2002	1
329	"Ethiopia"	2003	1
329	"Ethiopia"	2004	1
329	"Ethiopia"	2005	1
329	"Ethiopia"	2006	1
329	"Ethiopia"	2007	1
329	"Ethiopia"	2008	1
329	"Ethiopia"	2009	1
329	"Ethiopia"	2010	1
329	"Ethiopia"	2011	1
329	"Ethiopia"	2012	1
329	"Ethiopia"	2013	1
329	"Ethiopia"	2014	1
329	"Ethiopia"	2015	1
329	"Ethiopia"	2016	1
330	"Indonesia"	1975	1
330	"Indonesia"	1976	1
330	"Indonesia"	1977	1
330	"Indonesia"	1978	1
330	"Indonesia"	1979	1
330	"Indonesia"	1980	1
330	"Indonesia"	1981	1
330	"Indonesia"	1982	1
330	"Indonesia"	1983	1
330	"Indonesia"	1984	1
330	"Indonesia"	1985	1
330	"Indonesia"	1986	1
330	"Indonesia"	1987	1
330	"Indonesia"	1988	1
330	"Indonesia"	1992	1
330	"Indonesia"	1997	1
330	"Indonesia"	1998	1
330	"Indonesia"	1999	1
331	"Morocco"	1975	1
331	"Morocco"	1976	1
331	"Morocco"	1977	1
331	"Morocco"	1978	1
331	"Morocco"	1979	1
331	"Morocco"	1980	1
331	"Morocco"	1981	1
331	"Morocco"	1982	1
331	"Morocco"	1983	1
331	"Morocco"	1984	1
331	"Morocco"	1985	1
331	"Morocco"	1986	1
331	"Morocco"	1987	1
331	"Morocco"	1988	1
331	"Morocco"	1989	1
332	"Mozambique"	1977	1
332	"Mozambique"	1978	1
332	"Mozambique"	1979	1
332	"Mozambique"	1980	1
332	"Mozambique"	1981	1
332	"Mozambique"	1982	1
332	"Mozambique"	1983	1
332	"Mozambique"	1984	1
332	"Mozambique"	1985	1
332	"Mozambique"	1986	1
332	"Mozambique"	1987	1
332	"Mozambique"	1988	1
332	"Mozambique"	1989	1
332	"Mozambique"	1990	1
332	"Mozambique"	1991	1
332	"Mozambique"	1992	1
332	"Mozambique"	2013	1
332	"Mozambique"	2016	1
333	"Afghanistan"	1978	1
333	"Afghanistan"	1979	1
333	"Afghanistan"	1980	1
333	"Afghanistan"	1981	1
333	"Afghanistan"	1982	1
333	"Afghanistan"	1983	1
333	"Afghanistan"	1984	1
333	"Afghanistan"	1985	1
333	"Afghanistan"	1986	1
333	"Afghanistan"	1987	1
333	"Afghanistan"	1988	1
333	"Afghanistan"	1989	1
333	"Afghanistan"	1990	1
333	"Afghanistan"	1991	1
333	"Afghanistan"	1992	1
333	"Afghanistan"	1993	1
333	"Afghanistan"	1994	1
333	"Afghanistan"	1995	1
333	"Afghanistan"	1996	1
333	"Afghanistan"	1997	1
333	"Afghanistan"	1998	1
333	"Afghanistan"	1999	1
333	"Afghanistan"	2000	1
333	"Afghanistan"	2001	1
333	"Afghanistan"	2002	1
333	"Afghanistan"	2003	1
333	"Afghanistan"	2004	1
333	"Afghanistan"	2005	1
333	"Afghanistan"	2006	1
333	"Afghanistan"	2007	1
333	"Afghanistan"	2008	1
333	"Afghanistan"	2009	1
333	"Afghanistan"	2010	1
333	"Afghanistan"	2011	1
333	"Afghanistan"	2012	1
333	"Afghanistan"	2013	1
333	"Afghanistan"	2014	1
333	"Afghanistan"	2015	1
333	"Afghanistan"	2016	1
333	"Afghanistan"	2017	1
334	"China, Vietnam (North Vietnam)"	1974	1
334	"China, Vietnam (North Vietnam)"	1978	1
334	"China, Vietnam (North Vietnam)"	1979	1
334	"China, Vietnam (North Vietnam)"	1980	1
334	"China, Vietnam (North Vietnam)"	1981	1
334	"China, Vietnam (North Vietnam)"	1983	1
334	"China, Vietnam (North Vietnam)"	1984	1
334	"China, Vietnam (North Vietnam)"	1986	1
334	"China, Vietnam (North Vietnam)"	1987	1
334	"China, Vietnam (North Vietnam)"	1988	1
335	"India"	1979	1
335	"India"	1980	1
335	"India"	1981	1
335	"India"	1982	1
335	"India"	1983	1
335	"India"	1984	1
335	"India"	1985	1
335	"India"	1986	1
335	"India"	1987	1
335	"India"	1988	1
335	"India"	1992	1
335	"India"	1997	1
335	"India"	1999	1
335	"India"	2000	1
335	"India"	2001	1
335	"India"	2002	1
335	"India"	2003	1
335	"India"	2004	1
336	"Nicaragua"	1977	1
336	"Nicaragua"	1978	1
336	"Nicaragua"	1979	1
336	"Nicaragua"	1982	1
336	"Nicaragua"	1983	1
336	"Nicaragua"	1984	1
336	"Nicaragua"	1985	1
336	"Nicaragua"	1986	1
336	"Nicaragua"	1987	1
336	"Nicaragua"	1988	1
336	"Nicaragua"	1989	1
336	"Nicaragua"	1990	1
337	"Somalia"	1982	1
337	"Somalia"	1983	1
337	"Somalia"	1984	1
337	"Somalia"	1986	1
337	"Somalia"	1987	1
337	"Somalia"	1988	1
337	"Somalia"	1989	1
337	"Somalia"	1990	1
337	"Somalia"	1991	1
337	"Somalia"	1992	1
337	"Somalia"	1993	1
337	"Somalia"	1994	1
337	"Somalia"	1995	1
337	"Somalia"	1996	1
337	"Somalia"	2001	1
337	"Somalia"	2002	1
337	"Somalia"	2006	1
337	"Somalia"	2007	1
337	"Somalia"	2008	1
337	"Somalia"	2009	1
337	"Somalia"	2010	1
337	"Somalia"	2011	1
337	"Somalia"	2012	1
337	"Somalia"	2013	1
337	"Somalia"	2014	1
337	"Somalia"	2015	1
337	"Somalia"	2016	1
337	"Somalia"	2017	1
338	"Iran"	1979	1
338	"Iran"	1980	1
338	"Iran"	1981	1
338	"Iran"	1982	1
338	"Iran"	1986	1
338	"Iran"	1987	1
338	"Iran"	1988	1
338	"Iran"	1991	1
338	"Iran"	1993	1
338	"Iran"	1997	1
338	"Iran"	1999	1
338	"Iran"	2000	1
338	"Iran"	2001	1
338	"Iran"	2005	1
338	"Iran"	2006	1
338	"Iran"	2007	1
338	"Iran"	2008	1
338	"Iran"	2009	1
338	"Iran"	2010	1
338	"Iran"	2011	1
339	"Iran"	1979	1
339	"Iran"	1980	1
340	"Saudi Arabia"	1979	1
341	"Liberia"	1980	1
341	"Liberia"	1989	1
341	"Liberia"	1990	1
341	"Liberia"	2000	1
341	"Liberia"	2001	1
341	"Liberia"	2002	1
341	"Liberia"	2003	1
342	"Spain"	1978	1
342	"Spain"	1979	1
342	"Spain"	1980	1
342	"Spain"	1981	1
342	"Spain"	1982	1
342	"Spain"	1985	1
342	"Spain"	1986	1
342	"Spain"	1987	1
342	"Spain"	1991	1
343	"Tunisia"	1980	1
344	"Gambia"	1981	1
345	"South Africa"	1981	1
345	"South Africa"	1982	1
345	"South Africa"	1983	1
345	"South Africa"	1985	1
345	"South Africa"	1986	1
345	"South Africa"	1987	1
345	"South Africa"	1988	1
346	"Argentina, United Kingdom"	1982	1
347	"India"	1982	1
347	"India"	1983	1
347	"India"	1984	1
347	"India"	1985	1
347	"India"	1986	1
347	"India"	1987	1
347	"India"	1988	1
347	"India"	1993	1
347	"India"	1994	1
347	"India"	1995	1
347	"India"	1996	1
347	"India"	1998	1
347	"India"	1999	1
347	"India"	2000	1
347	"India"	2003	1
347	"India"	2004	1
347	"India"	2005	1
347	"India"	2006	1
347	"India"	2007	1
347	"India"	2008	1
347	"India"	2009	1
348	"Kenya"	1982	1
349	"Chad, Nigeria"	1983	1
350	"Grenada, United States of America"	1983	1
351	"India"	1983	1
351	"India"	1984	1
351	"India"	1985	1
351	"India"	1986	1
351	"India"	1987	1
351	"India"	1988	1
351	"India"	1989	1
351	"India"	1990	1
351	"India"	1991	1
351	"India"	1992	1
351	"India"	1993	1
352	"Sri Lanka"	1984	1
352	"Sri Lanka"	1985	1
352	"Sri Lanka"	1986	1
352	"Sri Lanka"	1987	1
352	"Sri Lanka"	1988	1
352	"Sri Lanka"	1989	1
352	"Sri Lanka"	1990	1
352	"Sri Lanka"	1991	1
352	"Sri Lanka"	1992	1
352	"Sri Lanka"	1993	1
352	"Sri Lanka"	1994	1
352	"Sri Lanka"	1995	1
352	"Sri Lanka"	1996	1
352	"Sri Lanka"	1997	1
352	"Sri Lanka"	1998	1
352	"Sri Lanka"	1999	1
352	"Sri Lanka"	2000	1
352	"Sri Lanka"	2001	1
352	"Sri Lanka"	2003	1
352	"Sri Lanka"	2005	1
352	"Sri Lanka"	2006	1
352	"Sri Lanka"	2007	1
352	"Sri Lanka"	2008	1
352	"Sri Lanka"	2009	1
353	"Cameroon"	1960	1
353	"Cameroon"	1961	1
353	"Cameroon"	1984	1
353	"Cameroon"	2015	1
353	"Cameroon"	2016	1
353	"Cameroon"	2017	1
354	"Turkey"	1984	1
354	"Turkey"	1985	1
354	"Turkey"	1986	1
354	"Turkey"	1987	1
354	"Turkey"	1988	1
354	"Turkey"	1989	1
354	"Turkey"	1990	1
354	"Turkey"	1991	1
354	"Turkey"	1992	1
354	"Turkey"	1993	1
354	"Turkey"	1994	1
354	"Turkey"	1995	1
354	"Turkey"	1996	1
354	"Turkey"	1997	1
354	"Turkey"	1998	1
354	"Turkey"	1999	1
354	"Turkey"	2000	1
354	"Turkey"	2001	1
354	"Turkey"	2002	1
354	"Turkey"	2003	1
354	"Turkey"	2004	1
354	"Turkey"	2005	1
354	"Turkey"	2006	1
354	"Turkey"	2007	1
354	"Turkey"	2008	1
354	"Turkey"	2009	1
354	"Turkey"	2010	1
354	"Turkey"	2011	1
354	"Turkey"	2012	1
354	"Turkey"	2013	1
354	"Turkey"	2015	1
354	"Turkey"	2016	1
354	"Turkey"	2017	1
355	"Burkina Faso, Mali"	1985	1
356	"Laos, Thailand"	1986	1
356	"Laos, Thailand"	1987	1
356	"Laos, Thailand"	1988	1
357	"Suriname"	1987	1
358	"Togo"	1986	1
359	"South Yemen"	1986	1
360	"Burkina Faso"	1987	1
361	"Chad, Libya"	1987	1
362	"Comoros"	1989	1
363	"Ethiopia"	1975	1
363	"Ethiopia"	1976	1
363	"Ethiopia"	1996	1
364	"India"	1990	1
364	"India"	1991	1
364	"India"	1992	1
364	"India"	1993	1
364	"India"	1994	1
364	"India"	1995	1
364	"India"	1996	1
364	"India"	1997	1
364	"India"	1998	1
364	"India"	1999	1
364	"India"	2000	1
364	"India"	2001	1
364	"India"	2002	1
364	"India"	2003	1
364	"India"	2004	1
364	"India"	2005	1
364	"India"	2006	1
364	"India"	2007	1
364	"India"	2008	1
364	"India"	2009	1
364	"India"	2010	1
364	"India"	2011	1
364	"India"	2012	1
364	"India"	2013	1
364	"India"	2014	1
364	"India"	2015	1
364	"India"	2016	1
364	"India"	2017	1
365	"India"	1990	1
365	"India"	1994	1
365	"India"	1995	1
365	"India"	1996	1
365	"India"	1997	1
365	"India"	1998	1
365	"India"	1999	1
365	"India"	2000	1
365	"India"	2001	1
365	"India"	2002	1
365	"India"	2003	1
365	"India"	2004	1
365	"India"	2005	1
365	"India"	2006	1
365	"India"	2007	1
365	"India"	2008	1
365	"India"	2009	1
365	"India"	2010	1
366	"Indonesia"	1990	1
366	"Indonesia"	1991	1
366	"Indonesia"	1999	1
366	"Indonesia"	2000	1
366	"Indonesia"	2001	1
366	"Indonesia"	2002	1
366	"Indonesia"	2003	1
366	"Indonesia"	2004	1
366	"Indonesia"	2005	1
367	"Panama"	1989	1
368	"Panama, United States of America"	1989	1
369	"Papua New Guinea"	1990	1
369	"Papua New Guinea"	1992	1
369	"Papua New Guinea"	1993	1
369	"Papua New Guinea"	1994	1
369	"Papua New Guinea"	1995	1
369	"Papua New Guinea"	1996	1
370	"Rumania"	1989	1
371	"Iraq, Kuwait"	1990	1
371	"Iraq, Kuwait"	1991	1
372	"Mali"	1990	1
372	"Mali"	1994	1
372	"Mali"	2007	1
372	"Mali"	2008	1
372	"Mali"	2009	1
372	"Mali"	2012	1
372	"Mali"	2014	1
372	"Mali"	2015	1
373	"Niger"	1994	1
374	"Rwanda"	1990	1
374	"Rwanda"	1991	1
374	"Rwanda"	1992	1
374	"Rwanda"	1993	1
374	"Rwanda"	1994	1
374	"Rwanda"	1996	1
374	"Rwanda"	1997	1
374	"Rwanda"	1998	1
374	"Rwanda"	1999	1
374	"Rwanda"	2000	1
374	"Rwanda"	2001	1
374	"Rwanda"	2002	1
374	"Rwanda"	2009	1
374	"Rwanda"	2010	1
374	"Rwanda"	2011	1
374	"Rwanda"	2012	1
374	"Rwanda"	2016	1
375	"Senegal"	1990	1
375	"Senegal"	1992	1
375	"Senegal"	1993	1
375	"Senegal"	1995	1
375	"Senegal"	1997	1
375	"Senegal"	1998	1
375	"Senegal"	2000	1
375	"Senegal"	2001	1
375	"Senegal"	2003	1
375	"Senegal"	2011	1
376	"Russia (Soviet Union)"	1990	1
376	"Russia (Soviet Union)"	1991	1
377	"Russia (Soviet Union)"	1990	1
378	"Trinidad and Tobago"	1990	1
379	"Djibouti"	1991	1
379	"Djibouti"	1992	1
379	"Djibouti"	1993	1
379	"Djibouti"	1994	1
379	"Djibouti"	1999	1
380	"Georgia"	1991	1
380	"Georgia"	1992	1
380	"Georgia"	1993	1
381	"Haiti"	1989	1
381	"Haiti"	1991	1
381	"Haiti"	2004	1
382	"Sierra Leone"	1991	1
382	"Sierra Leone"	1992	1
382	"Sierra Leone"	1993	1
382	"Sierra Leone"	1994	1
382	"Sierra Leone"	1995	1
382	"Sierra Leone"	1996	1
382	"Sierra Leone"	1997	1
382	"Sierra Leone"	1998	1
382	"Sierra Leone"	1999	1
382	"Sierra Leone"	2000	1
382	"Sierra Leone"	2001	1
383	"Turkey"	1991	1
383	"Turkey"	1992	1
383	"Turkey"	2005	1
383	"Turkey"	2016	1
384	"Serbia (Yugoslavia)"	1991	1
385	"Serbia (Yugoslavia)"	1991	1
385	"Serbia (Yugoslavia)"	1992	1
386	"Algeria"	1991	1
386	"Algeria"	1992	1
386	"Algeria"	1993	1
386	"Algeria"	1994	1
386	"Algeria"	1995	1
386	"Algeria"	1996	1
386	"Algeria"	1997	1
386	"Algeria"	1998	1
386	"Algeria"	1999	1
386	"Algeria"	2000	1
386	"Algeria"	2001	1
386	"Algeria"	2002	1
386	"Algeria"	2003	1
386	"Algeria"	2004	1
386	"Algeria"	2005	1
386	"Algeria"	2006	1
386	"Algeria"	2007	1
386	"Algeria"	2008	1
386	"Algeria"	2009	1
386	"Algeria"	2010	1
386	"Algeria"	2011	1
386	"Algeria"	2012	1
386	"Algeria"	2013	1
386	"Algeria"	2014	1
386	"Algeria"	2015	1
386	"Algeria"	2016	1
386	"Algeria"	2017	1
387	"Angola"	1991	1
387	"Angola"	1994	1
387	"Angola"	1996	1
387	"Angola"	1997	1
387	"Angola"	1998	1
387	"Angola"	2002	1
387	"Angola"	2004	1
387	"Angola"	2007	1
387	"Angola"	2009	1
387	"Angola"	2017	1
388	"Azerbaijan"	1991	1
388	"Azerbaijan"	1992	1
388	"Azerbaijan"	1993	1
388	"Azerbaijan"	1994	1
388	"Azerbaijan"	1997	1
388	"Azerbaijan"	1998	1
388	"Azerbaijan"	2005	1
388	"Azerbaijan"	2008	1
388	"Azerbaijan"	2012	1
388	"Azerbaijan"	2014	1
388	"Azerbaijan"	2015	1
388	"Azerbaijan"	2016	1
388	"Azerbaijan"	2017	1
389	"Bosnia-Herzegovina"	1992	1
389	"Bosnia-Herzegovina"	1993	1
389	"Bosnia-Herzegovina"	1994	1
389	"Bosnia-Herzegovina"	1995	1
390	"Croatia"	1992	1
390	"Croatia"	1993	1
390	"Croatia"	1995	1
391	"Egypt"	1993	1
391	"Egypt"	1994	1
391	"Egypt"	1995	1
391	"Egypt"	1996	1
391	"Egypt"	1997	1
391	"Egypt"	1998	1
391	"Egypt"	2014	1
391	"Egypt"	2017	1
392	"Georgia"	1992	1
392	"Georgia"	1993	1
393	"Georgia"	1992	1
393	"Georgia"	2004	1
393	"Georgia"	2008	1
394	"Moldova"	1992	1
395	"Tajikistan"	1992	1
395	"Tajikistan"	1993	1
395	"Tajikistan"	1994	1
395	"Tajikistan"	1995	1
395	"Tajikistan"	1996	1
395	"Tajikistan"	1997	1
395	"Tajikistan"	1998	1
395	"Tajikistan"	2000	1
395	"Tajikistan"	2010	1
395	"Tajikistan"	2011	1
396	"Azerbaijan"	1993	1
396	"Azerbaijan"	1995	1
397	"Bosnia-Herzegovina"	1993	1
397	"Bosnia-Herzegovina"	1994	1
397	"Bosnia-Herzegovina"	1995	1
398	"Bosnia-Herzegovina"	1993	1
398	"Bosnia-Herzegovina"	1994	1
399	"Russia (Soviet Union)"	1993	1
400	"Mexico"	1994	1
400	"Mexico"	1996	1
401	"Russia (Soviet Union)"	1994	1
401	"Russia (Soviet Union)"	1995	1
401	"Russia (Soviet Union)"	1996	1
401	"Russia (Soviet Union)"	1999	1
401	"Russia (Soviet Union)"	2000	1
401	"Russia (Soviet Union)"	2001	1
401	"Russia (Soviet Union)"	2002	1
401	"Russia (Soviet Union)"	2003	1
401	"Russia (Soviet Union)"	2004	1
401	"Russia (Soviet Union)"	2005	1
401	"Russia (Soviet Union)"	2006	1
401	"Russia (Soviet Union)"	2007	1
402	"Yemen (North Yemen)"	1994	1
403	"Ecuador, Peru"	1995	1
404	"Pakistan"	1990	1
404	"Pakistan"	1994	1
404	"Pakistan"	1995	1
404	"Pakistan"	1996	1
404	"Pakistan"	2007	1
404	"Pakistan"	2008	1
404	"Pakistan"	2009	1
404	"Pakistan"	2010	1
404	"Pakistan"	2011	1
404	"Pakistan"	2012	1
404	"Pakistan"	2013	1
404	"Pakistan"	2014	1
404	"Pakistan"	2015	1
404	"Pakistan"	2016	1
404	"Pakistan"	2017	1
405	"Cameroon, Nigeria"	1996	1
406	"Niger"	1995	1
407	"Comoros"	1997	1
408	"Congo"	1993	1
408	"Congo"	1997	1
408	"Congo"	1998	1
408	"Congo"	1999	1
408	"Congo"	2002	1
408	"Congo"	2016	1
409	"Eritrea, Ethiopia"	1998	1
409	"Eritrea, Ethiopia"	1999	1
409	"Eritrea, Ethiopia"	2000	1
409	"Eritrea, Ethiopia"	2016	1
410	"Guinea-Bissau"	1998	1
410	"Guinea-Bissau"	1999	1
411	"Lesotho"	1998	1
412	"Serbia (Yugoslavia)"	1998	1
412	"Serbia (Yugoslavia)"	1999	1
413	"Ethiopia"	1977	1
413	"Ethiopia"	1978	1
413	"Ethiopia"	1980	1
413	"Ethiopia"	1981	1
413	"Ethiopia"	1983	1
413	"Ethiopia"	1984	1
413	"Ethiopia"	1985	1
413	"Ethiopia"	1986	1
413	"Ethiopia"	1987	1
413	"Ethiopia"	1988	1
413	"Ethiopia"	1989	1
413	"Ethiopia"	1990	1
413	"Ethiopia"	1991	1
413	"Ethiopia"	1992	1
413	"Ethiopia"	1994	1
413	"Ethiopia"	1995	1
413	"Ethiopia"	1998	1
413	"Ethiopia"	1999	1
413	"Ethiopia"	2000	1
413	"Ethiopia"	2001	1
413	"Ethiopia"	2002	1
413	"Ethiopia"	2003	1
413	"Ethiopia"	2004	1
413	"Ethiopia"	2005	1
413	"Ethiopia"	2006	1
413	"Ethiopia"	2007	1
413	"Ethiopia"	2008	1
413	"Ethiopia"	2009	1
413	"Ethiopia"	2010	1
413	"Ethiopia"	2011	1
413	"Ethiopia"	2012	1
413	"Ethiopia"	2013	1
413	"Ethiopia"	2015	1
413	"Ethiopia"	2016	1
414	"Russia (Soviet Union)"	1999	1
415	"Uzbekistan"	1999	1
415	"Uzbekistan"	2000	1
415	"Uzbekistan"	2004	1
416	"Central African Republic"	2001	1
416	"Central African Republic"	2002	1
416	"Central African Republic"	2006	1
416	"Central African Republic"	2009	1
416	"Central African Republic"	2010	1
416	"Central African Republic"	2011	1
416	"Central African Republic"	2012	1
416	"Central African Republic"	2013	1
417	"Macedonia, FYR"	2001	1
418	"United States of America"	2001	1
418	"United States of America"	2002	1
418	"United States of America"	2003	1
418	"United States of America"	2004	1
418	"United States of America"	2005	1
418	"United States of America"	2006	1
418	"United States of America"	2007	1
418	"United States of America"	2008	1
418	"United States of America"	2009	1
418	"United States of America"	2010	1
418	"United States of America"	2011	1
418	"United States of America"	2012	1
418	"United States of America"	2013	1
418	"United States of America"	2014	1
418	"United States of America"	2015	1
418	"United States of America"	2016	1
418	"United States of America"	2017	1
419	"Ivory Coast"	2002	1
419	"Ivory Coast"	2003	1
419	"Ivory Coast"	2004	1
419	"Ivory Coast"	2011	1
420	"Australia, Iraq, United Kingdom, United States of America"	2003	1
421	"India"	1989	1
421	"India"	1990	1
421	"India"	1994	1
421	"India"	1996	1
421	"India"	1997	1
421	"India"	1998	1
421	"India"	1999	1
421	"India"	2001	1
421	"India"	2002	1
421	"India"	2003	1
421	"India"	2004	1
421	"India"	2009	1
421	"India"	2010	1
421	"India"	2013	1
421	"India"	2014	1
422	"Myanmar (Burma)"	1997	1
423	"Thailand"	2003	1
423	"Thailand"	2004	1
423	"Thailand"	2005	1
423	"Thailand"	2006	1
423	"Thailand"	2007	1
423	"Thailand"	2008	1
423	"Thailand"	2009	1
423	"Thailand"	2010	1
423	"Thailand"	2011	1
423	"Thailand"	2012	1
423	"Thailand"	2013	1
423	"Thailand"	2014	1
423	"Thailand"	2015	1
423	"Thailand"	2016	1
423	"Thailand"	2017	1
424	"Nigeria"	2004	1
425	"Nigeria"	2004	1
426	"Israel"	1990	1
426	"Israel"	1991	1
426	"Israel"	1992	1
426	"Israel"	1993	1
426	"Israel"	1994	1
426	"Israel"	1995	1
426	"Israel"	1996	1
426	"Israel"	1997	1
426	"Israel"	1998	1
426	"Israel"	1999	1
426	"Israel"	2006	1
427	"Tanzania, Uganda"	1978	1
428	"Mauritania"	1975	1
428	"Mauritania"	1976	1
428	"Mauritania"	1977	1
428	"Mauritania"	1978	1
429	"DR Congo (Zaire)"	2007	1
429	"DR Congo (Zaire)"	2008	1
429	"DR Congo (Zaire)"	2017	1
430	"Niger"	1991	1
430	"Niger"	1992	1
430	"Niger"	1997	1
430	"Niger"	2007	1
430	"Niger"	2008	1
431	"Afghanistan, Russia (Soviet Union)"	1979	1
432	"Russia (Soviet Union)"	2007	1
432	"Russia (Soviet Union)"	2008	1
432	"Russia (Soviet Union)"	2009	1
432	"Russia (Soviet Union)"	2010	1
432	"Russia (Soviet Union)"	2011	1
432	"Russia (Soviet Union)"	2012	1
432	"Russia (Soviet Union)"	2013	1
432	"Russia (Soviet Union)"	2014	1
432	"Russia (Soviet Union)"	2015	1
434	"India"	2008	1
435	"Djibouti, Eritrea"	2008	1
436	"Ethiopia"	1977	1
436	"Ethiopia"	1978	1
436	"Ethiopia"	1979	1
436	"Ethiopia"	1980	1
437	"Ethiopia"	1983	1
438	"India"	1997	1
439	"Myanmar (Burma)"	2009	1
439	"Myanmar (Burma)"	2014	1
439	"Myanmar (Burma)"	2015	1
439	"Myanmar (Burma)"	2017	1
440	"Myanmar (Burma)"	1973	1
440	"Myanmar (Burma)"	1974	1
440	"Myanmar (Burma)"	1975	1
440	"Myanmar (Burma)"	1976	1
440	"Myanmar (Burma)"	1977	1
440	"Myanmar (Burma)"	1978	1
440	"Myanmar (Burma)"	1979	1
440	"Myanmar (Burma)"	1980	1
440	"Myanmar (Burma)"	1981	1
440	"Myanmar (Burma)"	1982	1
442	"Mauritania"	2010	1
442	"Mauritania"	2011	1
11342	"India"	2012	1
11342	"India"	2014	1
11343	"Egypt, Israel"	1967	1
11343	"Egypt, Israel"	1969	1
11343	"Egypt, Israel"	1970	1
11343	"Egypt, Israel"	1973	1
11344	"Sudan"	2011	1
11345	"South Sudan"	2011	1
11345	"South Sudan"	2012	1
11345	"South Sudan"	2013	1
11345	"South Sudan"	2014	1
11345	"South Sudan"	2015	1
11345	"South Sudan"	2016	1
11345	"South Sudan"	2017	1
11346	"Libya"	2011	1
11346	"Libya"	2014	1
11346	"Libya"	2015	1
11346	"Libya"	2017	1
11347	"Mali"	2009	1
11347	"Mali"	2012	1
11347	"Mali"	2013	1
11347	"Mali"	2014	1
11347	"Mali"	2015	1
11347	"Mali"	2016	1
11347	"Mali"	2017	1
11348	"South Sudan, Sudan"	2012	1
11349	"China"	2008	1
11350	"Bangladesh"	2005	1
11350	"Bangladesh"	2006	1
11447	"Ethiopia"	1991	1
11475	"Myanmar (Burma)"	1991	1
11475	"Myanmar (Burma)"	1995	1
11475	"Myanmar (Burma)"	2000	1
11475	"Myanmar (Burma)"	2001	1
11475	"Myanmar (Burma)"	2005	1
11475	"Myanmar (Burma)"	2006	1
11475	"Myanmar (Burma)"	2007	1
11487	"Malaysia"	2013	1
11884	"Hyderabad"	1947	1
11884	"Hyderabad"	1948	1
13042	"Syria"	2012	1
13042	"Syria"	2013	1
13042	"Syria"	2015	1
13219	"Ukraine"	2014	1
13246	"Ukraine"	2014	1
13247	"Ukraine"	2014	1
13306	"Ukraine"	2014	1
13306	"Ukraine"	2015	1
13306	"Ukraine"	2016	1
13306	"Ukraine"	2017	1
13349	"Myanmar (Burma)"	2013	1
13349	"Myanmar (Burma)"	2014	1
13349	"Myanmar (Burma)"	2015	1
13349	"Myanmar (Burma)"	2017	1
13588	"Russia (Soviet Union)"	2015	1
13588	"Russia (Soviet Union)"	2016	1
13588	"Russia (Soviet Union)"	2017	1
13604	"Syria"	2013	1
13604	"Syria"	2014	1
13604	"Syria"	2015	1
13604	"Syria"	2016	1
13604	"Syria"	2017	1
13611	"Mali"	2015	1
13637	"Afghanistan"	2015	1
13637	"Afghanistan"	2016	1
13637	"Afghanistan"	2017	1
13638	"Cameroon"	2015	1
13638	"Cameroon"	2016	1
13639	"Niger"	2015	1
13639	"Niger"	2016	1
13639	"Niger"	2017	1
13640	"Chad"	2015	1
13640	"Chad"	2017	1
13641	"Nigeria"	2015	1
13641	"Nigeria"	2016	1
13641	"Nigeria"	2017	1
13645	"Yemen (North Yemen)"	2015	1
13646	"Kenya"	2015	1
13646	"Kenya"	2016	1
13646	"Kenya"	2017	1
13648	"Egypt"	2015	1
13648	"Egypt"	2016	1
13648	"Egypt"	2017	1
13653	"India"	2015	1
13653	"India"	2016	1
13653	"India"	2017	1
13674	"Bangladesh"	2016	1
13674	"Bangladesh"	2017	1
13675	"Lebanon"	2014	1
13675	"Lebanon"	2015	1
13675	"Lebanon"	2017	1
13692	"Afghanistan, United Kingdom, United States of America"	2001	1
13694	"Libya"	2015	1
13694	"Libya"	2016	1
13694	"Libya"	2017	1
13721	"Algeria"	2015	1
13809	"Syria"	2016	1
13886	"Jordan"	2016	1
13902	"Turkey"	2015	1
13902	"Turkey"	2016	1
13902	"Turkey"	2017	1
13936	"Pakistan"	2016	1
13936	"Pakistan"	2017	1
14113	"Mali"	2017	1
14268	"Iran"	2017	1
14275	"Philippines"	2016	1
14275	"Philippines"	2017	1
14333	"Tunisia"	2016	1
