"country"	"year"	"polity2"
"Afghanistan"	2003	NA
"Afghanistan"	2004	NA
"Afghanistan"	2005	NA
"Afghanistan"	2006	NA
"Afghanistan"	2007	NA
"Afghanistan"	2008	NA
"Afghanistan"	2009	NA
"Afghanistan"	2010	NA
"Afghanistan"	2011	NA
"Afghanistan"	2012	NA
"Afghanistan"	2013	NA
"Albania"	2003	7
"Albania"	2004	7
"Albania"	2005	9
"Albania"	2006	9
"Albania"	2007	9
"Albania"	2008	9
"Albania"	2009	9
"Albania"	2010	9
"Albania"	2011	9
"Albania"	2012	9
"Albania"	2013	9
"Algeria"	2003	-3
"Algeria"	2004	2
"Algeria"	2005	2
"Algeria"	2006	2
"Algeria"	2007	2
"Algeria"	2008	2
"Algeria"	2009	2
"Algeria"	2010	2
"Algeria"	2011	2
"Algeria"	2012	2
"Algeria"	2013	2
"Angola"	2003	-2
"Angola"	2004	-2
"Angola"	2005	-2
"Angola"	2006	-2
"Angola"	2007	-2
"Angola"	2008	-2
"Angola"	2009	-2
"Angola"	2010	-2
"Angola"	2011	-2
"Angola"	2012	-2
"Angola"	2013	-2
"Argentina"	2003	8
"Argentina"	2004	8
"Argentina"	2005	8
"Argentina"	2006	8
"Argentina"	2007	8
"Argentina"	2008	8
"Argentina"	2009	8
"Argentina"	2010	8
"Argentina"	2011	8
"Argentina"	2012	8
"Argentina"	2013	8
"Armenia"	2003	5
"Armenia"	2004	5
"Armenia"	2005	5
"Armenia"	2006	5
"Armenia"	2007	5
"Armenia"	2008	5
"Armenia"	2009	5
"Armenia"	2010	5
"Armenia"	2011	5
"Armenia"	2012	5
"Armenia"	2013	5
"Australia"	2003	10
"Australia"	2004	10
"Australia"	2005	10
"Australia"	2006	10
"Australia"	2007	10
"Australia"	2008	10
"Australia"	2009	10
"Australia"	2010	10
"Australia"	2011	10
"Australia"	2012	10
"Australia"	2013	10
"Austria"	2003	10
"Austria"	2004	10
"Austria"	2005	10
"Austria"	2006	10
"Austria"	2007	10
"Austria"	2008	10
"Austria"	2009	10
"Austria"	2010	10
"Austria"	2011	10
"Austria"	2012	10
"Austria"	2013	10
"Azerbaijan"	2003	-7
"Azerbaijan"	2004	-7
"Azerbaijan"	2005	-7
"Azerbaijan"	2006	-7
"Azerbaijan"	2007	-7
"Azerbaijan"	2008	-7
"Azerbaijan"	2009	-7
"Azerbaijan"	2010	-7
"Azerbaijan"	2011	-7
"Azerbaijan"	2012	-7
"Azerbaijan"	2013	-7
"Bahrain"	2003	-7
"Bahrain"	2004	-7
"Bahrain"	2005	-7
"Bahrain"	2006	-7
"Bahrain"	2007	-7
"Bahrain"	2008	-7
"Bahrain"	2009	-7
"Bahrain"	2010	-5
"Bahrain"	2011	-8
"Bahrain"	2012	-10
"Bahrain"	2013	-10
"Bangladesh"	2003	6
"Bangladesh"	2004	6
"Bangladesh"	2005	6
"Bangladesh"	2006	6
"Bangladesh"	2007	-6
"Bangladesh"	2008	-6
"Bangladesh"	2009	5
"Bangladesh"	2010	5
"Bangladesh"	2011	5
"Bangladesh"	2012	5
"Bangladesh"	2013	4
"Belarus"	2003	-7
"Belarus"	2004	-7
"Belarus"	2005	-7
"Belarus"	2006	-7
"Belarus"	2007	-7
"Belarus"	2008	-7
"Belarus"	2009	-7
"Belarus"	2010	-7
"Belarus"	2011	-7
"Belarus"	2012	-7
"Belarus"	2013	-7
"Belgium"	2003	10
"Belgium"	2004	10
"Belgium"	2005	10
"Belgium"	2006	10
"Belgium"	2007	8
"Belgium"	2008	8
"Belgium"	2009	8
"Belgium"	2010	8
"Belgium"	2011	8
"Belgium"	2012	8
"Belgium"	2013	8
"Benin"	2003	6
"Benin"	2004	6
"Benin"	2005	6
"Benin"	2006	7
"Benin"	2007	7
"Benin"	2008	7
"Benin"	2009	7
"Benin"	2010	7
"Benin"	2011	7
"Benin"	2012	7
"Benin"	2013	7
"Bhutan"	2003	-10
"Bhutan"	2004	-10
"Bhutan"	2005	-5
"Bhutan"	2006	-5
"Bhutan"	2007	-5
"Bhutan"	2008	3
"Bhutan"	2009	3
"Bhutan"	2010	3
"Bhutan"	2011	3
"Bhutan"	2012	3
"Bhutan"	2013	5
"Bolivia"	2003	8
"Bolivia"	2004	8
"Bolivia"	2005	8
"Bolivia"	2006	8
"Bolivia"	2007	8
"Bolivia"	2008	8
"Bolivia"	2009	7
"Bolivia"	2010	7
"Bolivia"	2011	7
"Bolivia"	2012	7
"Bolivia"	2013	7
"Bosnia and Herzegovina"	2003	NA
"Bosnia and Herzegovina"	2004	NA
"Bosnia and Herzegovina"	2005	NA
"Bosnia and Herzegovina"	2006	NA
"Bosnia and Herzegovina"	2007	NA
"Bosnia and Herzegovina"	2008	NA
"Bosnia and Herzegovina"	2009	NA
"Bosnia and Herzegovina"	2010	NA
"Bosnia and Herzegovina"	2011	NA
"Bosnia and Herzegovina"	2012	NA
"Bosnia and Herzegovina"	2013	NA
"Botswana"	2003	8
"Botswana"	2004	8
"Botswana"	2005	8
"Botswana"	2006	8
"Botswana"	2007	8
"Botswana"	2008	8
"Botswana"	2009	8
"Botswana"	2010	8
"Botswana"	2011	8
"Botswana"	2012	8
"Botswana"	2013	8
"Brazil"	2003	8
"Brazil"	2004	8
"Brazil"	2005	8
"Brazil"	2006	8
"Brazil"	2007	8
"Brazil"	2008	8
"Brazil"	2009	8
"Brazil"	2010	8
"Brazil"	2011	8
"Brazil"	2012	8
"Brazil"	2013	8
"Bulgaria"	2003	9
"Bulgaria"	2004	9
"Bulgaria"	2005	9
"Bulgaria"	2006	9
"Bulgaria"	2007	9
"Bulgaria"	2008	9
"Bulgaria"	2009	9
"Bulgaria"	2010	9
"Bulgaria"	2011	9
"Bulgaria"	2012	9
"Bulgaria"	2013	9
"Burkina Faso"	2003	0
"Burkina Faso"	2004	0
"Burkina Faso"	2005	0
"Burkina Faso"	2006	0
"Burkina Faso"	2007	0
"Burkina Faso"	2008	0
"Burkina Faso"	2009	0
"Burkina Faso"	2010	0
"Burkina Faso"	2011	0
"Burkina Faso"	2012	0
"Burkina Faso"	2013	0
"Burundi"	2003	3
"Burundi"	2004	5
"Burundi"	2005	6
"Burundi"	2006	6
"Burundi"	2007	6
"Burundi"	2008	6
"Burundi"	2009	6
"Burundi"	2010	6
"Burundi"	2011	6
"Burundi"	2012	6
"Burundi"	2013	6
"Cambodia"	2003	2
"Cambodia"	2004	2
"Cambodia"	2005	2
"Cambodia"	2006	2
"Cambodia"	2007	2
"Cambodia"	2008	2
"Cambodia"	2009	2
"Cambodia"	2010	2
"Cambodia"	2011	2
"Cambodia"	2012	2
"Cambodia"	2013	2
"Cameroon"	2003	-4
"Cameroon"	2004	-4
"Cameroon"	2005	-4
"Cameroon"	2006	-4
"Cameroon"	2007	-4
"Cameroon"	2008	-4
"Cameroon"	2009	-4
"Cameroon"	2010	-4
"Cameroon"	2011	-4
"Cameroon"	2012	-4
"Cameroon"	2013	-4
"Canada"	2003	10
"Canada"	2004	10
"Canada"	2005	10
"Canada"	2006	10
"Canada"	2007	10
"Canada"	2008	10
"Canada"	2009	10
"Canada"	2010	10
"Canada"	2011	10
"Canada"	2012	10
"Canada"	2013	10
"Cape Verde"	2003	10
"Cape Verde"	2004	10
"Cape Verde"	2005	10
"Cape Verde"	2006	10
"Cape Verde"	2007	10
"Cape Verde"	2008	10
"Cape Verde"	2009	10
"Cape Verde"	2010	10
"Cape Verde"	2011	10
"Cape Verde"	2012	10
"Cape Verde"	2013	10
"Central African Republic"	2003	-1
"Central African Republic"	2004	-1
"Central African Republic"	2005	-1
"Central African Republic"	2006	-1
"Central African Republic"	2007	-1
"Central African Republic"	2008	-1
"Central African Republic"	2009	-1
"Central African Republic"	2010	-1
"Central African Republic"	2011	-1
"Central African Republic"	2012	-1
"Central African Republic"	2013	0
"Chad"	2003	-2
"Chad"	2004	-2
"Chad"	2005	-2
"Chad"	2006	-2
"Chad"	2007	-2
"Chad"	2008	-2
"Chad"	2009	-2
"Chad"	2010	-2
"Chad"	2011	-2
"Chad"	2012	-2
"Chad"	2013	-2
"Chile"	2003	9
"Chile"	2004	9
"Chile"	2005	9
"Chile"	2006	10
"Chile"	2007	10
"Chile"	2008	10
"Chile"	2009	10
"Chile"	2010	10
"Chile"	2011	10
"Chile"	2012	10
"Chile"	2013	10
"China"	2003	-7
"China"	2004	-7
"China"	2005	-7
"China"	2006	-7
"China"	2007	-7
"China"	2008	-7
"China"	2009	-7
"China"	2010	-7
"China"	2011	-7
"China"	2012	-7
"China"	2013	-7
"Colombia"	2003	7
"Colombia"	2004	7
"Colombia"	2005	7
"Colombia"	2006	7
"Colombia"	2007	7
"Colombia"	2008	7
"Colombia"	2009	7
"Colombia"	2010	7
"Colombia"	2011	7
"Colombia"	2012	7
"Colombia"	2013	7
"Comoros"	2003	4
"Comoros"	2004	6
"Comoros"	2005	6
"Comoros"	2006	9
"Comoros"	2007	9
"Comoros"	2008	9
"Comoros"	2009	9
"Comoros"	2010	9
"Comoros"	2011	9
"Comoros"	2012	9
"Comoros"	2013	9
"Congo"	2003	-4
"Congo"	2004	-4
"Congo"	2005	-4
"Congo"	2006	-4
"Congo"	2007	-4
"Congo"	2008	-4
"Congo"	2009	-4
"Congo"	2010	-4
"Congo"	2011	-4
"Congo"	2012	-4
"Congo"	2013	-4
"Congo, the Democratic Republic of the"	2003	1
"Congo, the Democratic Republic of the"	2004	3
"Congo, the Democratic Republic of the"	2005	4
"Congo, the Democratic Republic of the"	2006	5
"Congo, the Democratic Republic of the"	2007	5
"Congo, the Democratic Republic of the"	2008	5
"Congo, the Democratic Republic of the"	2009	5
"Congo, the Democratic Republic of the"	2010	5
"Congo, the Democratic Republic of the"	2011	5
"Congo, the Democratic Republic of the"	2012	5
"Congo, the Democratic Republic of the"	2013	5
"Costa Rica"	2003	10
"Costa Rica"	2004	10
"Costa Rica"	2005	10
"Costa Rica"	2006	10
"Costa Rica"	2007	10
"Costa Rica"	2008	10
"Costa Rica"	2009	10
"Costa Rica"	2010	10
"Costa Rica"	2011	10
"Costa Rica"	2012	10
"Costa Rica"	2013	10
"Croatia"	2003	8
"Croatia"	2004	8
"Croatia"	2005	9
"Croatia"	2006	9
"Croatia"	2007	9
"Croatia"	2008	9
"Croatia"	2009	9
"Croatia"	2010	9
"Croatia"	2011	9
"Croatia"	2012	9
"Croatia"	2013	9
"Cuba"	2003	-7
"Cuba"	2004	-7
"Cuba"	2005	-7
"Cuba"	2006	-7
"Cuba"	2007	-7
"Cuba"	2008	-7
"Cuba"	2009	-7
"Cuba"	2010	-7
"Cuba"	2011	-7
"Cuba"	2012	-7
"Cuba"	2013	-7
"Cyprus"	2003	10
"Cyprus"	2004	10
"Cyprus"	2005	10
"Cyprus"	2006	10
"Cyprus"	2007	10
"Cyprus"	2008	10
"Cyprus"	2009	10
"Cyprus"	2010	10
"Cyprus"	2011	10
"Cyprus"	2012	10
"Cyprus"	2013	10
"Czech Republic"	2003	10
"Czech Republic"	2004	10
"Czech Republic"	2005	10
"Czech Republic"	2006	9
"Czech Republic"	2007	9
"Czech Republic"	2008	9
"Czech Republic"	2009	9
"Czech Republic"	2010	9
"Czech Republic"	2011	9
"Czech Republic"	2012	9
"Czech Republic"	2013	9
"Denmark"	2003	10
"Denmark"	2004	10
"Denmark"	2005	10
"Denmark"	2006	10
"Denmark"	2007	10
"Denmark"	2008	10
"Denmark"	2009	10
"Denmark"	2010	10
"Denmark"	2011	10
"Denmark"	2012	10
"Denmark"	2013	10
"Djibouti"	2003	2
"Djibouti"	2004	2
"Djibouti"	2005	2
"Djibouti"	2006	2
"Djibouti"	2007	2
"Djibouti"	2008	2
"Djibouti"	2009	2
"Djibouti"	2010	2
"Djibouti"	2011	2
"Djibouti"	2012	2
"Djibouti"	2013	3
"Dominican Republic"	2003	8
"Dominican Republic"	2004	8
"Dominican Republic"	2005	8
"Dominican Republic"	2006	8
"Dominican Republic"	2007	8
"Dominican Republic"	2008	8
"Dominican Republic"	2009	8
"Dominican Republic"	2010	8
"Dominican Republic"	2011	8
"Dominican Republic"	2012	8
"Dominican Republic"	2013	8
"East Timor"	2003	6
"East Timor"	2004	6
"East Timor"	2005	6
"East Timor"	2006	7
"East Timor"	2007	7
"East Timor"	2008	7
"East Timor"	2009	7
"East Timor"	2010	7
"East Timor"	2011	7
"East Timor"	2012	8
"East Timor"	2013	8
"Ecuador"	2003	6
"Ecuador"	2004	6
"Ecuador"	2005	6
"Ecuador"	2006	7
"Ecuador"	2007	5
"Ecuador"	2008	5
"Ecuador"	2009	5
"Ecuador"	2010	5
"Ecuador"	2011	5
"Ecuador"	2012	5
"Ecuador"	2013	5
"Egypt"	2003	-6
"Egypt"	2004	-6
"Egypt"	2005	-3
"Egypt"	2006	-3
"Egypt"	2007	-3
"Egypt"	2008	-3
"Egypt"	2009	-3
"Egypt"	2010	-3
"Egypt"	2011	-2
"Egypt"	2012	-3
"Egypt"	2013	-4
"El Salvador"	2003	7
"El Salvador"	2004	7
"El Salvador"	2005	7
"El Salvador"	2006	7
"El Salvador"	2007	7
"El Salvador"	2008	7
"El Salvador"	2009	8
"El Salvador"	2010	8
"El Salvador"	2011	8
"El Salvador"	2012	8
"El Salvador"	2013	8
"Equatorial Guinea"	2003	-6
"Equatorial Guinea"	2004	-6
"Equatorial Guinea"	2005	-6
"Equatorial Guinea"	2006	-6
"Equatorial Guinea"	2007	-6
"Equatorial Guinea"	2008	-6
"Equatorial Guinea"	2009	-6
"Equatorial Guinea"	2010	-6
"Equatorial Guinea"	2011	-6
"Equatorial Guinea"	2012	-6
"Equatorial Guinea"	2013	-6
"Eritrea"	2003	-7
"Eritrea"	2004	-7
"Eritrea"	2005	-7
"Eritrea"	2006	-7
"Eritrea"	2007	-7
"Eritrea"	2008	-7
"Eritrea"	2009	-7
"Eritrea"	2010	-7
"Eritrea"	2011	-7
"Eritrea"	2012	-7
"Eritrea"	2013	-7
"Estonia"	2003	9
"Estonia"	2004	9
"Estonia"	2005	9
"Estonia"	2006	9
"Estonia"	2007	9
"Estonia"	2008	9
"Estonia"	2009	9
"Estonia"	2010	9
"Estonia"	2011	9
"Estonia"	2012	9
"Estonia"	2013	9
"Ethiopia"	2003	1
"Ethiopia"	2004	1
"Ethiopia"	2005	-3
"Ethiopia"	2006	-3
"Ethiopia"	2007	-3
"Ethiopia"	2008	-3
"Ethiopia"	2009	-3
"Ethiopia"	2010	-3
"Ethiopia"	2011	-3
"Ethiopia"	2012	-3
"Ethiopia"	2013	-3
"Fiji"	2003	5
"Fiji"	2004	6
"Fiji"	2005	6
"Fiji"	2006	-3
"Fiji"	2007	-4
"Fiji"	2008	-4
"Fiji"	2009	-4
"Fiji"	2010	-4
"Fiji"	2011	-4
"Fiji"	2012	-4
"Fiji"	2013	-4
"Finland"	2003	10
"Finland"	2004	10
"Finland"	2005	10
"Finland"	2006	10
"Finland"	2007	10
"Finland"	2008	10
"Finland"	2009	10
"Finland"	2010	10
"Finland"	2011	10
"Finland"	2012	10
"Finland"	2013	10
"France"	2003	9
"France"	2004	9
"France"	2005	9
"France"	2006	9
"France"	2007	9
"France"	2008	9
"France"	2009	9
"France"	2010	9
"France"	2011	9
"France"	2012	9
"France"	2013	9
"Gabon"	2003	-4
"Gabon"	2004	-4
"Gabon"	2005	-4
"Gabon"	2006	-4
"Gabon"	2007	-4
"Gabon"	2008	-4
"Gabon"	2009	3
"Gabon"	2010	3
"Gabon"	2011	3
"Gabon"	2012	3
"Gabon"	2013	3
"Gambia"	2003	-5
"Gambia"	2004	-5
"Gambia"	2005	-5
"Gambia"	2006	-5
"Gambia"	2007	-5
"Gambia"	2008	-5
"Gambia"	2009	-5
"Gambia"	2010	-5
"Gambia"	2011	-5
"Gambia"	2012	-5
"Gambia"	2013	-5
"Georgia"	2003	5
"Georgia"	2004	7
"Georgia"	2005	7
"Georgia"	2006	7
"Georgia"	2007	6
"Georgia"	2008	6
"Georgia"	2009	6
"Georgia"	2010	6
"Georgia"	2011	6
"Georgia"	2012	6
"Georgia"	2013	7
"Germany"	2003	10
"Germany"	2004	10
"Germany"	2005	10
"Germany"	2006	10
"Germany"	2007	10
"Germany"	2008	10
"Germany"	2009	10
"Germany"	2010	10
"Germany"	2011	10
"Germany"	2012	10
"Germany"	2013	10
"Ghana"	2003	6
"Ghana"	2004	8
"Ghana"	2005	8
"Ghana"	2006	8
"Ghana"	2007	8
"Ghana"	2008	8
"Ghana"	2009	8
"Ghana"	2010	8
"Ghana"	2011	8
"Ghana"	2012	8
"Ghana"	2013	8
"Greece"	2003	10
"Greece"	2004	10
"Greece"	2005	10
"Greece"	2006	10
"Greece"	2007	10
"Greece"	2008	10
"Greece"	2009	10
"Greece"	2010	10
"Greece"	2011	10
"Greece"	2012	10
"Greece"	2013	10
"Guatemala"	2003	8
"Guatemala"	2004	8
"Guatemala"	2005	8
"Guatemala"	2006	8
"Guatemala"	2007	8
"Guatemala"	2008	8
"Guatemala"	2009	8
"Guatemala"	2010	8
"Guatemala"	2011	8
"Guatemala"	2012	8
"Guatemala"	2013	8
"Guinea"	2003	-1
"Guinea"	2004	-1
"Guinea"	2005	-1
"Guinea"	2006	-1
"Guinea"	2007	-1
"Guinea"	2008	-1
"Guinea"	2009	-1
"Guinea"	2010	1
"Guinea"	2011	1
"Guinea"	2012	1
"Guinea"	2013	4
"Guinea-Bissau"	2003	-1
"Guinea-Bissau"	2004	-1
"Guinea-Bissau"	2005	6
"Guinea-Bissau"	2006	6
"Guinea-Bissau"	2007	6
"Guinea-Bissau"	2008	6
"Guinea-Bissau"	2009	6
"Guinea-Bissau"	2010	6
"Guinea-Bissau"	2011	6
"Guinea-Bissau"	2012	1
"Guinea-Bissau"	2013	1
"Guyana"	2003	6
"Guyana"	2004	6
"Guyana"	2005	6
"Guyana"	2006	6
"Guyana"	2007	6
"Guyana"	2008	6
"Guyana"	2009	6
"Guyana"	2010	6
"Guyana"	2011	6
"Guyana"	2012	6
"Guyana"	2013	6
"Haiti"	2003	-2
"Haiti"	2004	0
"Haiti"	2005	3
"Haiti"	2006	5
"Haiti"	2007	5
"Haiti"	2008	5
"Haiti"	2009	5
"Haiti"	2010	0
"Haiti"	2011	0
"Haiti"	2012	0
"Haiti"	2013	0
"Honduras"	2003	7
"Honduras"	2004	7
"Honduras"	2005	7
"Honduras"	2006	7
"Honduras"	2007	7
"Honduras"	2008	7
"Honduras"	2009	7
"Honduras"	2010	7
"Honduras"	2011	7
"Honduras"	2012	7
"Honduras"	2013	7
"Hungary"	2003	10
"Hungary"	2004	10
"Hungary"	2005	10
"Hungary"	2006	10
"Hungary"	2007	10
"Hungary"	2008	10
"Hungary"	2009	10
"Hungary"	2010	10
"Hungary"	2011	10
"Hungary"	2012	10
"Hungary"	2013	10
"India"	2003	9
"India"	2004	9
"India"	2005	9
"India"	2006	9
"India"	2007	9
"India"	2008	9
"India"	2009	9
"India"	2010	9
"India"	2011	9
"India"	2012	9
"India"	2013	9
"Indonesia"	2003	6
"Indonesia"	2004	8
"Indonesia"	2005	8
"Indonesia"	2006	8
"Indonesia"	2007	8
"Indonesia"	2008	8
"Indonesia"	2009	8
"Indonesia"	2010	8
"Indonesia"	2011	8
"Indonesia"	2012	8
"Indonesia"	2013	8
"Iran, Islamic Republic of"	2003	3
"Iran, Islamic Republic of"	2004	-6
"Iran, Islamic Republic of"	2005	-6
"Iran, Islamic Republic of"	2006	-6
"Iran, Islamic Republic of"	2007	-6
"Iran, Islamic Republic of"	2008	-6
"Iran, Islamic Republic of"	2009	-7
"Iran, Islamic Republic of"	2010	-7
"Iran, Islamic Republic of"	2011	-7
"Iran, Islamic Republic of"	2012	-7
"Iran, Islamic Republic of"	2013	-7
"Iraq"	2003	NA
"Iraq"	2004	NA
"Iraq"	2005	NA
"Iraq"	2006	NA
"Iraq"	2007	NA
"Iraq"	2008	NA
"Iraq"	2009	NA
"Iraq"	2010	3
"Iraq"	2011	3
"Iraq"	2012	3
"Iraq"	2013	3
"Ireland"	2003	10
"Ireland"	2004	10
"Ireland"	2005	10
"Ireland"	2006	10
"Ireland"	2007	10
"Ireland"	2008	10
"Ireland"	2009	10
"Ireland"	2010	10
"Ireland"	2011	10
"Ireland"	2012	10
"Ireland"	2013	10
"Israel"	2003	6
"Israel"	2004	6
"Israel"	2005	6
"Israel"	2006	6
"Israel"	2007	6
"Israel"	2008	6
"Israel"	2009	6
"Israel"	2010	6
"Israel"	2011	6
"Israel"	2012	6
"Israel"	2013	6
"Italy"	2003	10
"Italy"	2004	10
"Italy"	2005	10
"Italy"	2006	10
"Italy"	2007	10
"Italy"	2008	10
"Italy"	2009	10
"Italy"	2010	10
"Italy"	2011	10
"Italy"	2012	10
"Italy"	2013	10
"Ivory Coast"	2003	0
"Ivory Coast"	2004	0
"Ivory Coast"	2005	0
"Ivory Coast"	2006	0
"Ivory Coast"	2007	0
"Ivory Coast"	2008	0
"Ivory Coast"	2009	0
"Ivory Coast"	2010	0
"Ivory Coast"	2011	4
"Ivory Coast"	2012	4
"Ivory Coast"	2013	4
"Jamaica"	2003	9
"Jamaica"	2004	9
"Jamaica"	2005	9
"Jamaica"	2006	9
"Jamaica"	2007	9
"Jamaica"	2008	9
"Jamaica"	2009	9
"Jamaica"	2010	9
"Jamaica"	2011	9
"Jamaica"	2012	9
"Jamaica"	2013	9
"Japan"	2003	10
"Japan"	2004	10
"Japan"	2005	10
"Japan"	2006	10
"Japan"	2007	10
"Japan"	2008	10
"Japan"	2009	10
"Japan"	2010	10
"Japan"	2011	10
"Japan"	2012	10
"Japan"	2013	10
"Jordan"	2003	-2
"Jordan"	2004	-2
"Jordan"	2005	-2
"Jordan"	2006	-2
"Jordan"	2007	-3
"Jordan"	2008	-3
"Jordan"	2009	-3
"Jordan"	2010	-3
"Jordan"	2011	-3
"Jordan"	2012	-3
"Jordan"	2013	-3
"Kazakhstan"	2003	-6
"Kazakhstan"	2004	-6
"Kazakhstan"	2005	-6
"Kazakhstan"	2006	-6
"Kazakhstan"	2007	-6
"Kazakhstan"	2008	-6
"Kazakhstan"	2009	-6
"Kazakhstan"	2010	-6
"Kazakhstan"	2011	-6
"Kazakhstan"	2012	-6
"Kazakhstan"	2013	-6
"Kenya"	2003	8
"Kenya"	2004	8
"Kenya"	2005	8
"Kenya"	2006	8
"Kenya"	2007	7
"Kenya"	2008	7
"Kenya"	2009	7
"Kenya"	2010	8
"Kenya"	2011	8
"Kenya"	2012	8
"Kenya"	2013	9
"Korea, Dem. People's Republic of (North Korea)"	2003	-10
"Korea, Dem. People's Republic of (North Korea)"	2004	-10
"Korea, Dem. People's Republic of (North Korea)"	2005	-10
"Korea, Dem. People's Republic of (North Korea)"	2006	-10
"Korea, Dem. People's Republic of (North Korea)"	2007	-10
"Korea, Dem. People's Republic of (North Korea)"	2008	-10
"Korea, Dem. People's Republic of (North Korea)"	2009	-10
"Korea, Dem. People's Republic of (North Korea)"	2010	-10
"Korea, Dem. People's Republic of (North Korea)"	2011	-10
"Korea, Dem. People's Republic of (North Korea)"	2012	-10
"Korea, Dem. People's Republic of (North Korea)"	2013	-10
"Korea, Republic of (South Korea)"	2003	8
"Korea, Republic of (South Korea)"	2004	8
"Korea, Republic of (South Korea)"	2005	8
"Korea, Republic of (South Korea)"	2006	8
"Korea, Republic of (South Korea)"	2007	8
"Korea, Republic of (South Korea)"	2008	8
"Korea, Republic of (South Korea)"	2009	8
"Korea, Republic of (South Korea)"	2010	8
"Korea, Republic of (South Korea)"	2011	8
"Korea, Republic of (South Korea)"	2012	8
"Korea, Republic of (South Korea)"	2013	8
"Kosovo"	2008	8
"Kosovo"	2009	8
"Kosovo"	2010	8
"Kosovo"	2011	8
"Kosovo"	2012	8
"Kosovo"	2013	8
"Kuwait"	2003	-7
"Kuwait"	2004	-7
"Kuwait"	2005	-7
"Kuwait"	2006	-7
"Kuwait"	2007	-7
"Kuwait"	2008	-7
"Kuwait"	2009	-7
"Kuwait"	2010	-7
"Kuwait"	2011	-7
"Kuwait"	2012	-7
"Kuwait"	2013	-7
"Kyrgyzstan"	2003	-3
"Kyrgyzstan"	2004	-3
"Kyrgyzstan"	2005	3
"Kyrgyzstan"	2006	4
"Kyrgyzstan"	2007	3
"Kyrgyzstan"	2008	3
"Kyrgyzstan"	2009	1
"Kyrgyzstan"	2010	4
"Kyrgyzstan"	2011	7
"Kyrgyzstan"	2012	7
"Kyrgyzstan"	2013	7
"Lao People's Democratic Republic"	2003	-7
"Lao People's Democratic Republic"	2004	-7
"Lao People's Democratic Republic"	2005	-7
"Lao People's Democratic Republic"	2006	-7
"Lao People's Democratic Republic"	2007	-7
"Lao People's Democratic Republic"	2008	-7
"Lao People's Democratic Republic"	2009	-7
"Lao People's Democratic Republic"	2010	-7
"Lao People's Democratic Republic"	2011	-7
"Lao People's Democratic Republic"	2012	-7
"Lao People's Democratic Republic"	2013	-7
"Latvia"	2003	8
"Latvia"	2004	8
"Latvia"	2005	8
"Latvia"	2006	8
"Latvia"	2007	8
"Latvia"	2008	8
"Latvia"	2009	8
"Latvia"	2010	8
"Latvia"	2011	8
"Latvia"	2012	8
"Latvia"	2013	8
"Lebanon"	2003	NA
"Lebanon"	2004	NA
"Lebanon"	2005	6
"Lebanon"	2006	6
"Lebanon"	2007	6
"Lebanon"	2008	6
"Lebanon"	2009	6
"Lebanon"	2010	6
"Lebanon"	2011	6
"Lebanon"	2012	6
"Lebanon"	2013	6
"Lesotho"	2003	8
"Lesotho"	2004	8
"Lesotho"	2005	8
"Lesotho"	2006	8
"Lesotho"	2007	8
"Lesotho"	2008	8
"Lesotho"	2009	8
"Lesotho"	2010	8
"Lesotho"	2011	8
"Lesotho"	2012	8
"Lesotho"	2013	8
"Liberia"	2003	1
"Liberia"	2004	3
"Liberia"	2005	5
"Liberia"	2006	6
"Liberia"	2007	6
"Liberia"	2008	6
"Liberia"	2009	6
"Liberia"	2010	6
"Liberia"	2011	6
"Liberia"	2012	6
"Liberia"	2013	6
"Libya"	2003	-7
"Libya"	2004	-7
"Libya"	2005	-7
"Libya"	2006	-7
"Libya"	2007	-7
"Libya"	2008	-7
"Libya"	2009	-7
"Libya"	2010	-7
"Libya"	2011	0
"Libya"	2012	0
"Libya"	2013	0
"Lithuania"	2003	10
"Lithuania"	2004	10
"Lithuania"	2005	10
"Lithuania"	2006	10
"Lithuania"	2007	10
"Lithuania"	2008	10
"Lithuania"	2009	10
"Lithuania"	2010	10
"Lithuania"	2011	10
"Lithuania"	2012	10
"Lithuania"	2013	10
"Luxembourg"	2003	10
"Luxembourg"	2004	10
"Luxembourg"	2005	10
"Luxembourg"	2006	10
"Luxembourg"	2007	10
"Luxembourg"	2008	10
"Luxembourg"	2009	10
"Luxembourg"	2010	10
"Luxembourg"	2011	10
"Luxembourg"	2012	10
"Luxembourg"	2013	10
"Macedonia, the Former Yugoslav Republic of"	2003	9
"Macedonia, the Former Yugoslav Republic of"	2004	9
"Macedonia, the Former Yugoslav Republic of"	2005	9
"Macedonia, the Former Yugoslav Republic of"	2006	9
"Macedonia, the Former Yugoslav Republic of"	2007	9
"Macedonia, the Former Yugoslav Republic of"	2008	9
"Macedonia, the Former Yugoslav Republic of"	2009	9
"Macedonia, the Former Yugoslav Republic of"	2010	9
"Macedonia, the Former Yugoslav Republic of"	2011	9
"Macedonia, the Former Yugoslav Republic of"	2012	9
"Macedonia, the Former Yugoslav Republic of"	2013	9
"Madagascar"	2003	7
"Madagascar"	2004	7
"Madagascar"	2005	7
"Madagascar"	2006	7
"Madagascar"	2007	7
"Madagascar"	2008	7
"Madagascar"	2009	0
"Madagascar"	2010	0
"Madagascar"	2011	3
"Madagascar"	2012	3
"Madagascar"	2013	3
"Malawi"	2003	5
"Malawi"	2004	6
"Malawi"	2005	6
"Malawi"	2006	6
"Malawi"	2007	6
"Malawi"	2008	6
"Malawi"	2009	6
"Malawi"	2010	6
"Malawi"	2011	6
"Malawi"	2012	6
"Malawi"	2013	6
"Malaysia"	2003	3
"Malaysia"	2004	3
"Malaysia"	2005	3
"Malaysia"	2006	3
"Malaysia"	2007	3
"Malaysia"	2008	6
"Malaysia"	2009	6
"Malaysia"	2010	6
"Malaysia"	2011	6
"Malaysia"	2012	6
"Malaysia"	2013	6
"Mali"	2003	7
"Mali"	2004	7
"Mali"	2005	7
"Mali"	2006	7
"Mali"	2007	7
"Mali"	2008	7
"Mali"	2009	7
"Mali"	2010	7
"Mali"	2011	7
"Mali"	2012	0
"Mali"	2013	5
"Mauritania"	2003	-6
"Mauritania"	2004	-6
"Mauritania"	2005	-5
"Mauritania"	2006	-3
"Mauritania"	2007	4
"Mauritania"	2008	-5
"Mauritania"	2009	-2
"Mauritania"	2010	-2
"Mauritania"	2011	-2
"Mauritania"	2012	-2
"Mauritania"	2013	-2
"Mauritius"	2003	10
"Mauritius"	2004	10
"Mauritius"	2005	10
"Mauritius"	2006	10
"Mauritius"	2007	10
"Mauritius"	2008	10
"Mauritius"	2009	10
"Mauritius"	2010	10
"Mauritius"	2011	10
"Mauritius"	2012	10
"Mauritius"	2013	10
"Mexico"	2003	8
"Mexico"	2004	8
"Mexico"	2005	8
"Mexico"	2006	8
"Mexico"	2007	8
"Mexico"	2008	8
"Mexico"	2009	8
"Mexico"	2010	8
"Mexico"	2011	8
"Mexico"	2012	8
"Mexico"	2013	8
"Moldova, Republic of"	2003	8
"Moldova, Republic of"	2004	8
"Moldova, Republic of"	2005	9
"Moldova, Republic of"	2006	9
"Moldova, Republic of"	2007	9
"Moldova, Republic of"	2008	9
"Moldova, Republic of"	2009	9
"Moldova, Republic of"	2010	9
"Moldova, Republic of"	2011	9
"Moldova, Republic of"	2012	9
"Moldova, Republic of"	2013	9
"Mongolia"	2003	10
"Mongolia"	2004	10
"Mongolia"	2005	10
"Mongolia"	2006	10
"Mongolia"	2007	10
"Mongolia"	2008	10
"Mongolia"	2009	10
"Mongolia"	2010	10
"Mongolia"	2011	10
"Mongolia"	2012	10
"Mongolia"	2013	10
"Montenegro, Republic of"	2006	9
"Montenegro, Republic of"	2007	9
"Montenegro, Republic of"	2008	9
"Montenegro, Republic of"	2009	9
"Montenegro, Republic of"	2010	9
"Montenegro, Republic of"	2011	9
"Montenegro, Republic of"	2012	9
"Montenegro, Republic of"	2013	9
"Morocco"	2003	-6
"Morocco"	2004	-6
"Morocco"	2005	-6
"Morocco"	2006	-6
"Morocco"	2007	-6
"Morocco"	2008	-6
"Morocco"	2009	-6
"Morocco"	2010	-6
"Morocco"	2011	-4
"Morocco"	2012	-4
"Morocco"	2013	-4
"Mozambique"	2003	5
"Mozambique"	2004	5
"Mozambique"	2005	5
"Mozambique"	2006	5
"Mozambique"	2007	5
"Mozambique"	2008	5
"Mozambique"	2009	5
"Mozambique"	2010	5
"Mozambique"	2011	5
"Mozambique"	2012	5
"Mozambique"	2013	5
"Myanmar"	2003	-7
"Myanmar"	2004	-8
"Myanmar"	2005	-8
"Myanmar"	2006	-8
"Myanmar"	2007	-8
"Myanmar"	2008	-6
"Myanmar"	2009	-6
"Myanmar"	2010	-6
"Myanmar"	2011	-3
"Myanmar"	2012	-3
"Myanmar"	2013	-3
"Namibia"	2003	6
"Namibia"	2004	6
"Namibia"	2005	6
"Namibia"	2006	6
"Namibia"	2007	6
"Namibia"	2008	6
"Namibia"	2009	6
"Namibia"	2010	6
"Namibia"	2011	6
"Namibia"	2012	6
"Namibia"	2013	6
"Nepal"	2003	-6
"Nepal"	2004	-6
"Nepal"	2005	-6
"Nepal"	2006	6
"Nepal"	2007	6
"Nepal"	2008	6
"Nepal"	2009	6
"Nepal"	2010	6
"Nepal"	2011	6
"Nepal"	2012	6
"Nepal"	2013	6
"Netherlands"	2003	10
"Netherlands"	2004	10
"Netherlands"	2005	10
"Netherlands"	2006	10
"Netherlands"	2007	10
"Netherlands"	2008	10
"Netherlands"	2009	10
"Netherlands"	2010	10
"Netherlands"	2011	10
"Netherlands"	2012	10
"Netherlands"	2013	10
"New Zealand"	2003	10
"New Zealand"	2004	10
"New Zealand"	2005	10
"New Zealand"	2006	10
"New Zealand"	2007	10
"New Zealand"	2008	10
"New Zealand"	2009	10
"New Zealand"	2010	10
"New Zealand"	2011	10
"New Zealand"	2012	10
"New Zealand"	2013	10
"Nicaragua"	2003	8
"Nicaragua"	2004	8
"Nicaragua"	2005	8
"Nicaragua"	2006	8
"Nicaragua"	2007	9
"Nicaragua"	2008	9
"Nicaragua"	2009	9
"Nicaragua"	2010	9
"Nicaragua"	2011	9
"Nicaragua"	2012	9
"Nicaragua"	2013	9
"Niger"	2003	5
"Niger"	2004	6
"Niger"	2005	6
"Niger"	2006	6
"Niger"	2007	6
"Niger"	2008	6
"Niger"	2009	-3
"Niger"	2010	3
"Niger"	2011	6
"Niger"	2012	6
"Niger"	2013	6
"Nigeria"	2003	4
"Nigeria"	2004	4
"Nigeria"	2005	4
"Nigeria"	2006	4
"Nigeria"	2007	4
"Nigeria"	2008	4
"Nigeria"	2009	4
"Nigeria"	2010	4
"Nigeria"	2011	4
"Nigeria"	2012	4
"Nigeria"	2013	4
"Norway"	2003	10
"Norway"	2004	10
"Norway"	2005	10
"Norway"	2006	10
"Norway"	2007	10
"Norway"	2008	10
"Norway"	2009	10
"Norway"	2010	10
"Norway"	2011	10
"Norway"	2012	10
"Norway"	2013	10
"Oman"	2003	-8
"Oman"	2004	-8
"Oman"	2005	-8
"Oman"	2006	-8
"Oman"	2007	-8
"Oman"	2008	-8
"Oman"	2009	-8
"Oman"	2010	-8
"Oman"	2011	-8
"Oman"	2012	-8
"Oman"	2013	-8
"Pakistan"	2003	-5
"Pakistan"	2004	-5
"Pakistan"	2005	-5
"Pakistan"	2006	-5
"Pakistan"	2007	2
"Pakistan"	2008	5
"Pakistan"	2009	5
"Pakistan"	2010	6
"Pakistan"	2011	6
"Pakistan"	2012	6
"Pakistan"	2013	7
"Panama"	2003	9
"Panama"	2004	9
"Panama"	2005	9
"Panama"	2006	9
"Panama"	2007	9
"Panama"	2008	9
"Panama"	2009	9
"Panama"	2010	9
"Panama"	2011	9
"Panama"	2012	9
"Panama"	2013	9
"Papua New Guinea"	2003	4
"Papua New Guinea"	2004	4
"Papua New Guinea"	2005	4
"Papua New Guinea"	2006	4
"Papua New Guinea"	2007	4
"Papua New Guinea"	2008	4
"Papua New Guinea"	2009	4
"Papua New Guinea"	2010	4
"Papua New Guinea"	2011	4
"Papua New Guinea"	2012	5
"Papua New Guinea"	2013	5
"Paraguay"	2003	8
"Paraguay"	2004	8
"Paraguay"	2005	8
"Paraguay"	2006	8
"Paraguay"	2007	8
"Paraguay"	2008	8
"Paraguay"	2009	8
"Paraguay"	2010	8
"Paraguay"	2011	8
"Paraguay"	2012	8
"Paraguay"	2013	9
"Peru"	2003	9
"Peru"	2004	9
"Peru"	2005	9
"Peru"	2006	9
"Peru"	2007	9
"Peru"	2008	9
"Peru"	2009	9
"Peru"	2010	9
"Peru"	2011	9
"Peru"	2012	9
"Peru"	2013	9
"Philippines"	2003	8
"Philippines"	2004	8
"Philippines"	2005	8
"Philippines"	2006	8
"Philippines"	2007	8
"Philippines"	2008	8
"Philippines"	2009	8
"Philippines"	2010	8
"Philippines"	2011	8
"Philippines"	2012	8
"Philippines"	2013	8
"Poland"	2003	10
"Poland"	2004	10
"Poland"	2005	10
"Poland"	2006	10
"Poland"	2007	10
"Poland"	2008	10
"Poland"	2009	10
"Poland"	2010	10
"Poland"	2011	10
"Poland"	2012	10
"Poland"	2013	10
"Portugal"	2003	10
"Portugal"	2004	10
"Portugal"	2005	10
"Portugal"	2006	10
"Portugal"	2007	10
"Portugal"	2008	10
"Portugal"	2009	10
"Portugal"	2010	10
"Portugal"	2011	10
"Portugal"	2012	10
"Portugal"	2013	10
"Qatar"	2003	-10
"Qatar"	2004	-10
"Qatar"	2005	-10
"Qatar"	2006	-10
"Qatar"	2007	-10
"Qatar"	2008	-10
"Qatar"	2009	-10
"Qatar"	2010	-10
"Qatar"	2011	-10
"Qatar"	2012	-10
"Qatar"	2013	-10
"Romania"	2003	8
"Romania"	2004	9
"Romania"	2005	9
"Romania"	2006	9
"Romania"	2007	9
"Romania"	2008	9
"Romania"	2009	9
"Romania"	2010	9
"Romania"	2011	9
"Romania"	2012	9
"Romania"	2013	9
"Russian Federation"	2003	6
"Russian Federation"	2004	6
"Russian Federation"	2005	6
"Russian Federation"	2006	6
"Russian Federation"	2007	4
"Russian Federation"	2008	4
"Russian Federation"	2009	4
"Russian Federation"	2010	4
"Russian Federation"	2011	4
"Russian Federation"	2012	4
"Russian Federation"	2013	4
"Rwanda"	2003	-3
"Rwanda"	2004	-3
"Rwanda"	2005	-3
"Rwanda"	2006	-3
"Rwanda"	2007	-3
"Rwanda"	2008	-3
"Rwanda"	2009	-3
"Rwanda"	2010	-4
"Rwanda"	2011	-4
"Rwanda"	2012	-4
"Rwanda"	2013	-3
"Saudi Arabia"	2003	-10
"Saudi Arabia"	2004	-10
"Saudi Arabia"	2005	-10
"Saudi Arabia"	2006	-10
"Saudi Arabia"	2007	-10
"Saudi Arabia"	2008	-10
"Saudi Arabia"	2009	-10
"Saudi Arabia"	2010	-10
"Saudi Arabia"	2011	-10
"Saudi Arabia"	2012	-10
"Saudi Arabia"	2013	-10
"Senegal"	2003	8
"Senegal"	2004	8
"Senegal"	2005	8
"Senegal"	2006	8
"Senegal"	2007	7
"Senegal"	2008	7
"Senegal"	2009	7
"Senegal"	2010	7
"Senegal"	2011	7
"Senegal"	2012	7
"Senegal"	2013	7
"Serbia, Republic of"	2006	8
"Serbia, Republic of"	2007	8
"Serbia, Republic of"	2008	8
"Serbia, Republic of"	2009	8
"Serbia, Republic of"	2010	8
"Serbia, Republic of"	2011	8
"Serbia, Republic of"	2012	8
"Serbia, Republic of"	2013	8
"Serbia and Montenegro"	2003	6
"Serbia and Montenegro"	2004	6
"Serbia and Montenegro"	2005	6
"Serbia and Montenegro"	2006	6
"Sierra Leone"	2003	5
"Sierra Leone"	2004	5
"Sierra Leone"	2005	5
"Sierra Leone"	2006	5
"Sierra Leone"	2007	7
"Sierra Leone"	2008	7
"Sierra Leone"	2009	7
"Sierra Leone"	2010	7
"Sierra Leone"	2011	7
"Sierra Leone"	2012	7
"Sierra Leone"	2013	7
"Singapore"	2003	-2
"Singapore"	2004	-2
"Singapore"	2005	-2
"Singapore"	2006	-2
"Singapore"	2007	-2
"Singapore"	2008	-2
"Singapore"	2009	-2
"Singapore"	2010	-2
"Singapore"	2011	-2
"Singapore"	2012	-2
"Singapore"	2013	-2
"Slovakia"	2003	9
"Slovakia"	2004	9
"Slovakia"	2005	9
"Slovakia"	2006	10
"Slovakia"	2007	10
"Slovakia"	2008	10
"Slovakia"	2009	10
"Slovakia"	2010	10
"Slovakia"	2011	10
"Slovakia"	2012	10
"Slovakia"	2013	10
"Slovenia"	2003	10
"Slovenia"	2004	10
"Slovenia"	2005	10
"Slovenia"	2006	10
"Slovenia"	2007	10
"Slovenia"	2008	10
"Slovenia"	2009	10
"Slovenia"	2010	10
"Slovenia"	2011	10
"Slovenia"	2012	10
"Slovenia"	2013	10
"Solomon Islands"	2003	NA
"Solomon Islands"	2004	8
"Solomon Islands"	2005	8
"Solomon Islands"	2006	8
"Solomon Islands"	2007	8
"Solomon Islands"	2008	8
"Solomon Islands"	2009	8
"Solomon Islands"	2010	8
"Solomon Islands"	2011	8
"Solomon Islands"	2012	8
"Solomon Islands"	2013	8
"Somalia"	2003	0
"Somalia"	2004	0
"Somalia"	2005	0
"Somalia"	2006	0
"Somalia"	2007	0
"Somalia"	2008	0
"Somalia"	2009	0
"Somalia"	2010	0
"Somalia"	2011	NA
"Somalia"	2012	5
"Somalia"	2013	5
"South Africa"	2003	9
"South Africa"	2004	9
"South Africa"	2005	9
"South Africa"	2006	9
"South Africa"	2007	9
"South Africa"	2008	9
"South Africa"	2009	9
"South Africa"	2010	9
"South Africa"	2011	9
"South Africa"	2012	9
"South Africa"	2013	9
"South Sudan"	2011	0
"South Sudan"	2012	0
"South Sudan"	2013	0
"Spain"	2003	10
"Spain"	2004	10
"Spain"	2005	10
"Spain"	2006	10
"Spain"	2007	10
"Spain"	2008	10
"Spain"	2009	10
"Spain"	2010	10
"Spain"	2011	10
"Spain"	2012	10
"Spain"	2013	10
"Sri Lanka"	2003	5
"Sri Lanka"	2004	5
"Sri Lanka"	2005	5
"Sri Lanka"	2006	6
"Sri Lanka"	2007	6
"Sri Lanka"	2008	6
"Sri Lanka"	2009	5
"Sri Lanka"	2010	3
"Sri Lanka"	2011	3
"Sri Lanka"	2012	3
"Sri Lanka"	2013	3
"Sudan"	2003	-6
"Sudan"	2004	-6
"Sudan"	2005	-4
"Sudan"	2006	-4
"Sudan"	2007	-4
"Sudan"	2008	-4
"Sudan"	2009	-4
"Sudan"	2010	-2
"Sudan"	2011	-2
"Sudan-North"	2011	-4
"Sudan-North"	2012	-4
"Sudan-North"	2013	-4
"Suriname"	2003	5
"Suriname"	2004	5
"Suriname"	2005	5
"Suriname"	2006	5
"Suriname"	2007	5
"Suriname"	2008	5
"Suriname"	2009	5
"Suriname"	2010	5
"Suriname"	2011	5
"Suriname"	2012	5
"Suriname"	2013	5
"Swaziland"	2003	-9
"Swaziland"	2004	-9
"Swaziland"	2005	-9
"Swaziland"	2006	-9
"Swaziland"	2007	-9
"Swaziland"	2008	-9
"Swaziland"	2009	-9
"Swaziland"	2010	-9
"Swaziland"	2011	-9
"Swaziland"	2012	-9
"Swaziland"	2013	-9
"Sweden"	2003	10
"Sweden"	2004	10
"Sweden"	2005	10
"Sweden"	2006	10
"Sweden"	2007	10
"Sweden"	2008	10
"Sweden"	2009	10
"Sweden"	2010	10
"Sweden"	2011	10
"Sweden"	2012	10
"Sweden"	2013	10
"Switzerland"	2003	10
"Switzerland"	2004	10
"Switzerland"	2005	10
"Switzerland"	2006	10
"Switzerland"	2007	10
"Switzerland"	2008	10
"Switzerland"	2009	10
"Switzerland"	2010	10
"Switzerland"	2011	10
"Switzerland"	2012	10
"Switzerland"	2013	10
"Syrian Arab Republic"	2003	-7
"Syrian Arab Republic"	2004	-7
"Syrian Arab Republic"	2005	-7
"Syrian Arab Republic"	2006	-7
"Syrian Arab Republic"	2007	-7
"Syrian Arab Republic"	2008	-7
"Syrian Arab Republic"	2009	-7
"Syrian Arab Republic"	2010	-7
"Syrian Arab Republic"	2011	-7
"Syrian Arab Republic"	2012	-9
"Syrian Arab Republic"	2013	-9
"Taiwan, Province of China"	2003	9
"Taiwan, Province of China"	2004	10
"Taiwan, Province of China"	2005	10
"Taiwan, Province of China"	2006	10
"Taiwan, Province of China"	2007	10
"Taiwan, Province of China"	2008	10
"Taiwan, Province of China"	2009	10
"Taiwan, Province of China"	2010	10
"Taiwan, Province of China"	2011	10
"Taiwan, Province of China"	2012	10
"Taiwan, Province of China"	2013	10
"Tajikistan"	2003	-3
"Tajikistan"	2004	-3
"Tajikistan"	2005	-3
"Tajikistan"	2006	-3
"Tajikistan"	2007	-3
"Tajikistan"	2008	-3
"Tajikistan"	2009	-3
"Tajikistan"	2010	-3
"Tajikistan"	2011	-3
"Tajikistan"	2012	-3
"Tajikistan"	2013	-3
"Tanzania, United Republic of"	2003	-1
"Tanzania, United Republic of"	2004	-1
"Tanzania, United Republic of"	2005	-1
"Tanzania, United Republic of"	2006	-1
"Tanzania, United Republic of"	2007	-1
"Tanzania, United Republic of"	2008	-1
"Tanzania, United Republic of"	2009	-1
"Tanzania, United Republic of"	2010	-1
"Tanzania, United Republic of"	2011	-1
"Tanzania, United Republic of"	2012	-1
"Tanzania, United Republic of"	2013	-1
"Thailand"	2003	9
"Thailand"	2004	9
"Thailand"	2005	9
"Thailand"	2006	-5
"Thailand"	2007	-1
"Thailand"	2008	4
"Thailand"	2009	4
"Thailand"	2010	4
"Thailand"	2011	7
"Thailand"	2012	7
"Thailand"	2013	7
"Togo"	2003	-2
"Togo"	2004	-2
"Togo"	2005	-4
"Togo"	2006	-4
"Togo"	2007	-4
"Togo"	2008	-4
"Togo"	2009	-4
"Togo"	2010	-2
"Togo"	2011	-2
"Togo"	2012	-2
"Togo"	2013	-2
"Trinidad and Tobago"	2003	10
"Trinidad and Tobago"	2004	10
"Trinidad and Tobago"	2005	10
"Trinidad and Tobago"	2006	10
"Trinidad and Tobago"	2007	10
"Trinidad and Tobago"	2008	10
"Trinidad and Tobago"	2009	10
"Trinidad and Tobago"	2010	10
"Trinidad and Tobago"	2011	10
"Trinidad and Tobago"	2012	10
"Trinidad and Tobago"	2013	10
"Tunisia"	2003	-4
"Tunisia"	2004	-4
"Tunisia"	2005	-4
"Tunisia"	2006	-4
"Tunisia"	2007	-4
"Tunisia"	2008	-4
"Tunisia"	2009	-4
"Tunisia"	2010	-4
"Tunisia"	2011	4
"Tunisia"	2012	5
"Tunisia"	2013	6
"Turkey"	2003	7
"Turkey"	2004	7
"Turkey"	2005	7
"Turkey"	2006	7
"Turkey"	2007	7
"Turkey"	2008	7
"Turkey"	2009	7
"Turkey"	2010	7
"Turkey"	2011	9
"Turkey"	2012	9
"Turkey"	2013	9
"Turkmenistan"	2003	-9
"Turkmenistan"	2004	-9
"Turkmenistan"	2005	-9
"Turkmenistan"	2006	-9
"Turkmenistan"	2007	-9
"Turkmenistan"	2008	-9
"Turkmenistan"	2009	-9
"Turkmenistan"	2010	-9
"Turkmenistan"	2011	-9
"Turkmenistan"	2012	-9
"Turkmenistan"	2013	-8
"United Arab Emirates"	2003	-8
"United Arab Emirates"	2004	-8
"United Arab Emirates"	2005	-8
"United Arab Emirates"	2006	-8
"United Arab Emirates"	2007	-8
"United Arab Emirates"	2008	-8
"United Arab Emirates"	2009	-8
"United Arab Emirates"	2010	-8
"United Arab Emirates"	2011	-8
"United Arab Emirates"	2012	-8
"United Arab Emirates"	2013	-8
"Uganda"	2003	-4
"Uganda"	2004	-4
"Uganda"	2005	-1
"Uganda"	2006	-1
"Uganda"	2007	-1
"Uganda"	2008	-1
"Uganda"	2009	-1
"Uganda"	2010	-1
"Uganda"	2011	-1
"Uganda"	2012	-1
"Uganda"	2013	-1
"Ukraine"	2003	6
"Ukraine"	2004	6
"Ukraine"	2005	6
"Ukraine"	2006	7
"Ukraine"	2007	7
"Ukraine"	2008	7
"Ukraine"	2009	7
"Ukraine"	2010	6
"Ukraine"	2011	6
"Ukraine"	2012	6
"Ukraine"	2013	6
"United Kingdom"	2003	10
"United Kingdom"	2004	10
"United Kingdom"	2005	10
"United Kingdom"	2006	10
"United Kingdom"	2007	10
"United Kingdom"	2008	10
"United Kingdom"	2009	10
"United Kingdom"	2010	10
"United Kingdom"	2011	10
"United Kingdom"	2012	10
"United Kingdom"	2013	10
"United States"	2003	10
"United States"	2004	10
"United States"	2005	10
"United States"	2006	10
"United States"	2007	10
"United States"	2008	10
"United States"	2009	10
"United States"	2010	10
"United States"	2011	10
"United States"	2012	10
"United States"	2013	10
"Uruguay"	2003	10
"Uruguay"	2004	10
"Uruguay"	2005	10
"Uruguay"	2006	10
"Uruguay"	2007	10
"Uruguay"	2008	10
"Uruguay"	2009	10
"Uruguay"	2010	10
"Uruguay"	2011	10
"Uruguay"	2012	10
"Uruguay"	2013	10
"Uzbekistan"	2003	-9
"Uzbekistan"	2004	-9
"Uzbekistan"	2005	-9
"Uzbekistan"	2006	-9
"Uzbekistan"	2007	-9
"Uzbekistan"	2008	-9
"Uzbekistan"	2009	-9
"Uzbekistan"	2010	-9
"Uzbekistan"	2011	-9
"Uzbekistan"	2012	-9
"Uzbekistan"	2013	-9
"Venezuela"	2003	6
"Venezuela"	2004	6
"Venezuela"	2005	6
"Venezuela"	2006	5
"Venezuela"	2007	5
"Venezuela"	2008	5
"Venezuela"	2009	-3
"Venezuela"	2010	-3
"Venezuela"	2011	-3
"Venezuela"	2012	-3
"Venezuela"	2013	4
"Vietnam"	2003	-7
"Vietnam"	2004	-7
"Vietnam"	2005	-7
"Vietnam"	2006	-7
"Vietnam"	2007	-7
"Vietnam"	2008	-7
"Vietnam"	2009	-7
"Vietnam"	2010	-7
"Vietnam"	2011	-7
"Vietnam"	2012	-7
"Vietnam"	2013	-7
"Yemen"	2003	-2
"Yemen"	2004	-2
"Yemen"	2005	-2
"Yemen"	2006	-2
"Yemen"	2007	-2
"Yemen"	2008	-2
"Yemen"	2009	-2
"Yemen"	2010	-2
"Yemen"	2011	-2
"Yemen"	2012	3
"Yemen"	2013	3
"Zambia"	2003	5
"Zambia"	2004	5
"Zambia"	2005	5
"Zambia"	2006	5
"Zambia"	2007	5
"Zambia"	2008	7
"Zambia"	2009	7
"Zambia"	2010	7
"Zambia"	2011	7
"Zambia"	2012	7
"Zambia"	2013	7
"Zimbabwe"	2003	-4
"Zimbabwe"	2004	-4
"Zimbabwe"	2005	-4
"Zimbabwe"	2006	-4
"Zimbabwe"	2007	-4
"Zimbabwe"	2008	-4
"Zimbabwe"	2009	1
"Zimbabwe"	2010	1
"Zimbabwe"	2011	1
"Zimbabwe"	2012	1
"Zimbabwe"	2013	4
